od,origin,destination,original_origin,original_destination,demand,pi_w,protected_demand,unprotected_demand,z_value,covered,u_w,path_length,shortest_length,detour_cap,model_uncovered_length,uncovered_cap_if_required
1->10,1,10,393,408,1.0,0.15,0.15,0.85,1.0,True,0.017330781754216477,1477.149469674904,1301.787785453535,1562.1453425442419,22.561,260.357557090707
1->11,1,11,393,409,2.0,0.15,0.3,1.7,1.0,True,0.0,1111.5674458024841,927.5601596679469,1113.0721916015361,0.0,185.51203193358938
1->12,1,12,393,410,2.0,0.15,0.3,1.7,1.0,True,0.0,1121.209939926328,1048.883159667947,1258.6597916015364,0.0,209.7766319335894
1->13,1,13,393,412,8.0,0.85,6.8,1.2000000000000002,1.0,True,0.0,871.2389399263278,798.912159667947,958.6945916015363,0.0,159.7824319335894
1->14,1,14,393,414,1.0,0.85,0.85,0.15000000000000002,0.0,False,1.0,898.215159667947,898.215159667947,1077.8581916015364,0.0,179.6430319335894
1->2,1,2,393,394,5.0,0.85,4.25,0.7500000000000001,1.0,True,0.0,1197.972578826633,1094.030735611676,1312.8368827340112,0.0,218.8061471223352
1->3,1,3,393,395,5.0,0.15,0.75,4.25,1.0,True,0.0,277.639771346845,277.639771346845,333.167725616214,0.0,55.527954269369005
1->4,1,4,393,396,5.0,0.15,0.75,4.25,1.0,True,0.0,575.739445802484,569.335590170867,683.2027082050404,0.0,113.86711803417342
1->5,1,5,393,397,11.0,0.15,1.65,9.35,1.0,True,0.0,937.181489988725,930.777634357108,1116.9331612285296,0.0,186.1555268714216
1->6,1,6,393,398,7.0,0.15,1.05,5.95,1.0,True,0.03017994109231693,1413.792466719007,1355.3041695768218,1626.3650034921861,40.903,271.06083391536436
1->7,1,7,393,399,8.0,0.15,1.2,6.8,1.0,True,0.0,1765.848941127438,1759.4450854958209,2111.334102594985,0.0,351.8890170991642
1->8,1,8,393,401,5.0,0.15,0.75,4.25,0.0,False,1.0,1917.9166781380889,1729.7570559746391,2075.708467169567,0.0,345.95141119492786
10->1,10,1,408,393,1.0,0.15,0.15,0.85,1.0,True,0.017330781754216477,1477.149469674904,1301.787785453535,1562.1453425442419,22.561,260.357557090707
10->11,10,11,408,409,2.0,0.15,0.3,1.7,0.0,False,1.0,376.40970491328903,376.40970491328903,451.6916458959468,0.0,75.28194098265782
10->12,10,12,408,410,4.0,0.15,0.6,3.4,1.0,True,0.1999838671921156,756.679000238296,740.0743205859859,888.089184703183,148.002924640363,148.0148641171972
10->13,10,13,408,412,5.0,0.15,0.75,4.25,0.0,False,1.0,748.609704913289,740.069320585986,888.0831847031832,0.0,148.01386411719722
10->14,10,14,408,414,2.0,0.85,1.7,0.30000000000000004,1.0,True,0.11098288351959287,1350.170000238296,1333.565320585986,1600.278384703183,148.002924640363,266.71306411719723
10->2,10,2,408,394,1.0,0.15,0.15,0.85,1.0,True,0.011777257195739684,2018.6525058078464,1915.6412758109109,2298.769530973093,22.561,383.1282551621822
10->3,10,3,408,395,3.0,0.15,0.44999999999999996,2.55,1.0,True,0.021053277416273407,1199.509698328059,1071.614625785588,1285.9375509427057,22.561,214.32292515711762
10->4,10,4,408,396,1.0,0.15,0.15,0.85,1.0,True,0.024919218230488736,986.3540238724199,905.365481024463,1086.4385772293556,22.561,181.0730962048926
10->5,10,5,408,397,6.0,0.15,0.8999999999999999,5.1,1.0,True,0.04178210717811842,539.967979686179,539.967979686179,647.9615756234148,22.561,107.9935959372358
10->6,10,6,408,398,1.0,0.15,0.15,0.85,1.0,True,0.12182742848845782,1691.882947293009,1478.4365839928437,1774.1239007914123,180.114127211108,295.68731679856876
10->7,10,7,408,399,9.0,0.15,1.3499999999999999,7.6499999999999995,1.0,True,0.01754363549550047,1285.993430824892,1285.993430824892,1543.1921169898703,22.561,257.19868616497837
10->8,10,8,408,401,4.0,0.15,0.6,3.4,0.0,False,1.0,440.767208463185,440.767208463185,528.9206501558219,0.0,88.153441692637
10->9,10,9,408,407,1.0,0.15,0.15,0.85,0.0,False,1.0,377.601151540438,377.601151540438,453.12138184852563,0.0,75.5202303080876
11->1,11,1,409,393,3.0,0.15,0.44999999999999996,2.55,1.0,True,0.0,1111.5674458024841,927.560159667947,1113.0721916015364,0.0,185.5120319335894
11->10,11,10,409,408,4.0,0.15,0.6,3.4,0.0,False,1.0,376.409704913289,376.409704913289,451.69164589594675,0.0,75.2819409826578
11->12,11,12,409,410,4.0,0.15,0.6,3.4,1.0,True,0.0,372.75199999999995,372.75199999999995,447.3023999999999,0.0,74.5504
11->13,11,13,409,412,10.0,0.15,1.5,8.5,0.0,False,1.0,372.2,372.2,446.64,0.0,74.44
11->14,11,14,409,414,1.0,0.85,0.85,0.15000000000000002,1.0,True,0.0,966.2429999999999,966.2429999999999,1159.4915999999998,0.0,193.2486
11->2,11,2,409,394,2.0,0.15,0.3,1.7,1.0,True,0.0,1653.0704819354269,1579.5306343119837,1895.4367611743803,0.0,315.9061268623968
11->3,11,3,409,395,3.0,0.15,0.44999999999999996,2.55,1.0,True,0.0,833.927674455639,697.3870000000002,836.8644000000002,0.0,139.47740000000005
11->4,11,4,409,396,5.0,0.85,4.25,0.7500000000000001,1.0,True,0.0,535.828,535.828,642.9935999999999,0.0,107.1656
11->5,11,5,409,397,9.0,0.15,1.3499999999999999,7.6499999999999995,1.0,True,0.0,982.2140441862409,834.793847882601,1001.7526174591211,0.0,166.9587695765202
11->6,11,6,409,398,4.0,0.15,0.6,3.4,1.0,True,0.11974515908659691,1455.994923420589,1315.736923420589,1578.8843081047066,157.553127211108,263.1473846841178
11->7,11,7,409,399,7.0,0.15,1.05,5.95,1.0,True,0.0,1810.881495324954,1658.059467894256,1989.671361473107,0.0,331.6118935788512
11->8,11,8,409,401,2.0,0.15,0.3,1.7,0.0,False,1.0,817.176913376474,817.176913376474,980.6122960517687,0.0,163.43538267529482
11->9,11,9,409,407,1.0,0.15,0.15,0.85,1.0,True,0.0,504.8178486978579,501.199848697858,601.4398184374296,0.0,100.2399697395716
12->1,12,1,410,393,3.0,0.15,0.44999999999999996,2.55,1.0,True,0.0,1121.209939926328,1048.8831596679468,1258.659791601536,0.0,209.77663193358936
12->10,12,10,410,408,4.0,0.15,0.6,3.4,1.0,True,0.19998386719211558,756.679000238296,740.074320585986,888.0891847031832,148.002924640363,148.01486411719722
12->11,12,11,410,409,4.0,0.15,0.6,3.4,1.0,True,0.0,372.752,372.752,447.3024,0.0,74.55040000000001
12->13,12,13,410,412,13.0,0.15,1.95,11.049999999999999,1.0,True,0.0,249.971,249.971,299.9652,0.0,49.994200000000006
12->14,12,14,410,414,5.0,0.85,4.25,0.7500000000000001,1.0,True,0.0,593.491,593.491,712.1891999999999,0.0,118.6982
12->2,12,2,410,394,2.0,0.15,0.3,1.7,1.0,True,0.0,1763.9029760592707,1704.6526343119838,2045.5831611743804,0.0,340.9305268623968
12->3,12,3,410,395,4.0,0.15,0.6,3.4,1.0,True,0.0,843.5701685794829,822.509,987.0108,0.0,164.5018
12->4,12,4,410,396,7.0,0.15,1.05,5.95,1.0,True,0.0,908.58,774.25,929.0999999999999,0.0,154.85000000000002
12->5,12,5,410,397,18.0,0.15,2.6999999999999997,15.299999999999999,1.0,True,0.0,1354.966044186241,1207.545847882601,1449.0550174591212,0.0,241.5091695765202
12->6,12,6,410,398,6.0,0.15,0.8999999999999999,5.1,1.0,True,0.024492133491121455,1979.7228639516447,1670.046425919881,2004.055711103857,40.903,334.0092851839762
12->7,12,7,410,399,15.0,0.15,2.25,12.75,1.0,True,0.0,2331.7793383600756,2026.0677514108777,2431.281301693053,0.0,405.21355028217556
12->8,12,8,410,401,3.0,0.15,0.44999999999999996,2.55,0.0,False,1.0,1090.7276236350742,1074.1229439827641,1288.9475327793168,0.0,214.82458879655283
12->9,12,9,410,407,2.0,0.85,1.7,0.30000000000000004,1.0,True,0.0,379.07784869785803,379.07784869785803,454.8934184374296,0.0,75.81556973957161
13->1,13,1,412,393,6.0,0.85,5.1,0.9000000000000001,1.0,True,0.0,871.238939926328,798.9121596679471,958.6945916015364,0.0,159.78243193358944
13->10,13,10,412,408,5.0,0.15,0.75,4.25,0.0,False,1.0,748.609704913289,740.069320585986,888.0831847031832,0.0,148.01386411719722
13->11,13,11,412,409,7.0,0.15,1.05,5.95,0.0,False,1.0,372.2,372.2,446.64,0.0,74.44
13->12,13,12,412,410,11.0,0.15,1.65,9.35,1.0,True,0.0,249.971,249.971,299.9652,0.0,49.994200000000006
13->14,13,14,412,414,12.0,0.85,10.2,1.8000000000000003,1.0,True,0.0,594.16,594.16,712.992,0.0,118.832
13->2,13,2,412,394,7.0,0.85,5.95,1.0500000000000003,1.0,True,0.0,1513.931976059271,1513.931976059271,1816.718371271125,0.0,302.7863952118542
13->3,13,3,412,395,8.0,0.85,6.8,1.2000000000000002,1.0,True,0.0,593.5991685794829,593.5991685794829,712.3190022953795,0.0,118.71983371589658
13->4,13,4,412,396,7.0,0.15,1.05,5.95,1.0,True,0.0,891.698843035122,773.385,928.0619999999999,0.0,154.67700000000002
13->5,13,5,412,397,13.0,0.15,1.95,11.049999999999999,1.0,True,0.0,1253.140887221363,1206.993847882601,1448.392617459121,0.0,241.39876957652018
13->6,13,6,412,398,4.0,0.15,0.6,3.4,1.0,True,0.024504825757606593,1729.751863951645,1669.181425919881,2003.017711103857,40.903,333.8362851839762
13->7,13,7,412,399,20.0,0.15,3.0,17.0,1.0,True,0.0,2081.8083383600756,2026.0627514108776,2431.275301693053,0.0,405.2125502821755
13->8,13,8,412,401,4.0,0.15,0.6,3.4,0.0,False,1.0,1189.376913376474,1074.1179439827642,1288.941532779317,0.0,214.82358879655285
13->9,13,9,412,407,3.0,0.85,2.55,0.45000000000000007,1.0,True,0.0,629.0488486978579,627.026848697858,752.4322184374296,0.0,125.4053697395716
14->1,14,1,414,393,1.0,0.85,0.85,0.15000000000000002,0.0,False,1.0,898.2151596679469,898.2151596679469,1077.8581916015362,0.0,179.64303193358938
14->10,14,10,414,408,1.0,0.85,0.85,0.15000000000000002,1.0,True,0.11098288351959289,1350.1700002382959,1333.5653205859858,1600.2783847031828,148.002924640363,266.7130641171972
14->11,14,11,414,409,2.0,0.85,1.7,0.30000000000000004,1.0,True,0.0,966.2429999999999,966.2429999999999,1159.4915999999998,0.0,193.2486
14->12,14,12,414,410,3.0,0.85,2.55,0.45000000000000007,1.0,True,0.0,593.491,593.491,712.1891999999999,0.0,118.6982
14->13,14,13,414,412,7.0,0.85,5.95,1.0500000000000003,1.0,True,0.0,594.1600000000001,594.1600000000001,712.9920000000001,0.0,118.83200000000002
14->2,14,2,414,394,1.0,0.85,0.85,0.15000000000000002,1.0,True,0.0,2108.0919760592706,1992.1340863258165,2390.5609035909797,0.0,398.4268172651633
14->3,14,3,414,395,4.0,0.85,3.4,0.6000000000000001,1.0,True,0.0,1187.7591685794828,1171.8069999999998,1406.1683999999998,0.0,234.36139999999997
14->4,14,4,414,396,1.0,0.85,0.85,0.15000000000000002,1.0,True,0.0,1502.0710000000001,1362.5739999999996,1635.0887999999995,0.0,272.5147999999999
14->5,14,5,414,397,2.0,0.85,1.7,0.30000000000000004,1.0,True,0.0,1948.457044186241,1797.3496972395787,2156.8196366874945,0.0,359.46993944791575
14->6,14,6,414,398,1.0,0.85,0.85,0.15000000000000002,1.0,True,0.01815162132534223,2323.9118639516446,2253.407520290963,2704.0890243491554,40.903,450.6815040581926
14->7,14,7,414,399,6.0,0.85,5.1,0.9000000000000001,1.0,True,0.0,2777.1244953249543,2619.5587514108774,3143.470501693053,0.0,523.9117502821755
14->9,14,9,414,407,2.0,0.85,1.7,0.30000000000000004,1.0,True,0.0,972.5688486978579,972.5688486978579,1167.0826184374293,0.0,194.5137697395716
2->1,2,1,394,393,8.0,0.85,6.8,1.2000000000000002,1.0,True,0.0,1230.8984555464122,1144.441642427242,1373.3299709126902,0.0,228.8883284854484
2->10,2,10,394,408,1.0,0.15,0.15,0.85,1.0,True,0.011777257195739682,2051.5783825276258,1915.641275810911,2298.7695309730934,22.561,383.12825516218226
2->11,2,11,394,409,2.0,0.15,0.3,1.7,1.0,True,0.0,1685.9963586552062,1579.5306343119837,1895.4367611743803,0.0,315.9061268623968
2->12,2,12,394,410,1.0,0.85,0.85,0.15000000000000002,1.0,True,0.0,1796.8288527790503,1704.6526343119835,2045.5831611743802,0.0,340.93052686239673
2->13,2,13,394,412,4.0,0.85,3.4,0.6000000000000001,1.0,True,0.0,1546.8578527790503,1546.8578527790503,1856.2294233348603,0.0,309.3715705558101
2->14,2,14,394,414,1.0,0.85,0.85,0.15000000000000002,1.0,True,0.0,2141.0178527790504,2042.5449931413827,2451.053991769659,0.0,408.5089986282766
2->3,2,3,394,395,12.0,0.85,10.2,1.8000000000000003,1.0,True,0.0,953.2586841995671,953.2586841995671,1143.9104210394805,0.0,190.65173683991344
2->4,2,4,394,396,3.0,0.15,0.44999999999999996,2.55,1.0,True,0.0,1150.168358655206,1059.030634311984,1270.8367611743806,0.0,211.8061268623968
2->5,2,5,394,397,21.0,0.15,3.15,17.849999999999998,1.0,True,0.0,1511.610402841447,1382.2586812744853,1658.7104175293823,0.0,276.45173625489707
2->6,2,6,394,398,24.0,0.15,3.5999999999999996,20.4,1.0,True,0.0655732303763838,623.775887892374,623.775887892374,748.5310654708488,40.903,124.75517757847481
2->7,2,7,394,399,12.0,0.85,10.2,1.8000000000000003,1.0,True,0.024728298382360937,1654.0968313928433,1654.0968313928433,1984.916197671412,40.903,330.8193662785687
2->8,2,8,394,401,2.0,0.15,0.3,1.7,1.0,True,0.19953391982192595,2492.3455909908103,2322.0523551919505,2786.4628262303404,463.328208463185,464.41047103839014
3->1,3,1,395,393,4.0,0.15,0.6,3.4,1.0,True,0.0,277.63977134684495,277.63977134684495,333.16772561621394,0.0,55.52795426936899
3->10,3,10,395,408,2.0,0.15,0.3,1.7,1.0,True,0.021053277416273407,1199.5096983280591,1071.614625785588,1285.9375509427057,22.561,214.32292515711762
3->11,3,11,395,409,5.0,0.15,0.75,4.25,1.0,True,0.0,833.9276744556389,697.387,836.8643999999999,0.0,139.4774
3->12,3,12,395,410,6.0,0.15,0.8999999999999999,5.1,1.0,True,0.0,843.570168579483,822.509,987.0108,0.0,164.5018
3->13,3,13,395,412,8.0,0.85,6.8,1.2000000000000002,1.0,True,0.0,593.599168579483,593.599168579483,712.3190022953796,0.0,118.71983371589661
3->14,3,14,395,414,2.0,0.85,1.7,0.30000000000000004,1.0,True,0.0,1187.759168579483,1171.807,1406.1684,0.0,234.3614
3->2,3,2,395,394,10.0,0.85,8.5,1.5000000000000002,1.0,True,0.0,920.332807479788,920.332807479788,1104.3993689757456,0.0,184.06656149595761
3->4,3,4,395,396,10.0,0.15,1.5,8.5,1.0,True,0.0,298.099674455639,298.099674455639,357.7196093467668,0.0,59.6199348911278
3->5,3,5,395,397,19.0,0.15,2.85,16.15,1.0,True,0.0,659.54171864188,659.54171864188,791.450062370256,0.0,131.90834372837602
3->6,3,6,395,398,7.0,0.15,1.05,5.95,1.0,True,0.03732643090982572,1136.1526953721623,1095.818673336721,1314.9824080040653,40.903,219.16373466734422
3->7,3,7,395,399,14.0,0.15,2.1,11.9,1.0,True,0.0,1488.209169780593,1488.209169780593,1785.8510037367114,0.0,297.6418339561186
3->8,3,8,395,401,2.0,0.15,0.3,1.7,0.0,False,1.0,1640.276906791244,1479.293220362424,1775.151864434909,0.0,295.8586440724848
3->9,3,9,395,407,3.0,0.15,0.44999999999999996,2.55,1.0,True,0.0,1222.648017277341,1196.846848697858,1436.2162184374295,0.0,239.3693697395716
4->1,4,1,396,393,4.0,0.15,0.6,3.4,1.0,True,0.0,575.739445802484,569.335590170867,683.2027082050404,0.0,113.86711803417342
4->10,4,10,396,408,4.0,0.15,0.6,3.4,1.0,True,0.024919218230488736,986.3540238724199,905.365481024463,1086.4385772293556,22.561,181.0730962048926
4->11,4,11,396,409,4.0,0.85,3.4,0.6000000000000001,1.0,True,0.0,535.828,535.828,642.9935999999999,0.0,107.1656
4->12,4,12,396,410,8.0,0.15,1.2,6.8,1.0,True,0.0,908.5799999999999,774.25,929.0999999999999,0.0,154.85000000000002
4->13,4,13,396,412,8.0,0.15,1.2,6.8,1.0,True,0.0,891.698843035122,773.385,928.0619999999999,0.0,154.67700000000002
4->14,4,14,396,414,2.0,0.85,1.7,0.30000000000000004,1.0,True,0.0,1502.0710000000001,1362.5739999999996,1635.0887999999995,0.0,272.5147999999999
4->2,4,2,396,394,5.0,0.15,0.75,4.25,1.0,True,0.0,1117.242481935427,1059.030634311984,1270.8367611743806,0.0,211.8061268623968
4->3,4,3,396,395,10.0,0.15,1.5,8.5,1.0,True,0.0,298.09967445563905,298.09967445563905,357.71960934676684,0.0,59.61993489112781
4->5,4,5,396,397,20.0,0.15,3.0,17.0,1.0,True,0.0,446.38604418624095,446.38604418624095,535.6632530234891,0.0,89.2772088372482
4->6,4,6,396,398,15.0,0.15,2.25,12.75,1.0,True,0.17122233281916585,920.1669234205891,920.1669234205891,1104.200308104707,157.553127211108,184.03338468411783
4->7,4,7,396,399,13.0,0.15,1.95,11.049999999999999,1.0,True,0.0,1275.0534953249542,1275.0534953249542,1530.064194389945,0.0,255.01069906499083
4->8,4,8,396,401,1.0,0.15,0.15,0.85,0.0,False,1.0,1427.1212323356049,1312.942220362424,1575.5306644349087,0.0,262.58844407248483
4->9,4,9,396,407,6.0,0.15,0.8999999999999999,5.1,1.0,True,0.0,1040.645848697858,1035.287848697858,1242.3454184374295,0.0,207.0575697395716
5->1,5,1,397,393,11.0,0.15,1.65,9.35,1.0,True,0.0,937.181489988725,930.777634357108,1116.9331612285296,0.0,186.1555268714216
5->10,5,10,397,408,15.0,0.15,2.25,12.75,1.0,True,0.04178210717811842,539.967979686179,539.967979686179,647.9615756234148,22.561,107.9935959372358
5->11,5,11,397,409,14.0,0.15,2.1,11.9,1.0,True,0.0,982.2140441862409,834.793847882601,1001.7526174591211,0.0,166.9587695765202
5->12,5,12,397,410,23.0,0.15,3.4499999999999997,19.55,1.0,True,0.0,1354.966044186241,1207.545847882601,1449.0550174591212,0.0,241.5091695765202
5->13,5,13,397,412,15.0,0.15,2.25,12.75,1.0,True,0.0,1253.1408872213628,1206.9938478826011,1448.3926174591213,0.0,241.39876957652024
5->14,5,14,397,414,1.0,0.85,0.85,0.15000000000000002,1.0,True,0.0,1948.4570441862413,1797.3496972395787,2156.8196366874945,0.0,359.46993944791575
5->2,5,2,397,394,19.0,0.15,2.85,16.15,1.0,True,0.0,1478.6845261216677,1382.2586812744848,1658.7104175293819,0.0,276.45173625489696
5->3,5,3,397,395,26.0,0.15,3.9,22.099999999999998,1.0,True,0.0,659.5417186418799,659.5417186418799,791.4500623702559,0.0,131.908343728376
5->4,5,4,397,396,18.0,0.15,2.6999999999999997,15.299999999999999,1.0,True,0.0,446.38604418624095,446.38604418624095,535.6632530234891,0.0,89.2772088372482
5->6,5,6,397,398,37.0,0.15,5.55,31.45,1.0,True,0.15507539392920694,1151.9149676068298,1015.977604306665,1219.1731251679978,157.553127211108,203.195520861333
5->7,5,7,397,399,55.0,0.15,8.25,46.75,1.0,True,0.0,828.667451138713,828.667451138713,994.4009413664555,0.0,165.7334902277426
5->8,5,8,397,401,5.0,0.15,0.75,4.25,0.0,False,1.0,980.735188149364,945.6463144400581,1134.7755773280696,0.0,189.12926288801162
5->9,5,9,397,407,13.0,0.15,1.95,11.049999999999999,1.0,True,0.19226015208763125,917.569131226617,887.151720147505,1064.582064177006,170.56392464036298,177.43034402950101
6->1,6,1,398,393,5.0,0.15,0.75,4.25,1.0,True,0.030179941092316927,1446.7183434387862,1355.304169576822,1626.3650034921864,40.903,271.0608339153644
6->10,6,10,398,408,2.0,0.15,0.3,1.7,1.0,True,0.12179775541256496,1691.882947293009,1478.7967692919158,1774.5561231502988,180.114127211108,295.7593538583832
6->11,6,11,398,409,2.0,0.15,0.3,1.7,1.0,True,0.1197451590865969,1455.9949234205892,1315.7369234205892,1578.8843081047069,157.553127211108,263.14738468411787
6->12,6,12,398,410,8.0,0.15,1.2,6.8,1.0,True,0.09434056728352683,1828.7469234205894,1670.0464259198807,2004.0557111038568,157.553127211108,334.00928518397615
6->13,6,13,398,412,5.0,0.15,0.75,4.25,1.0,True,0.024504825757606593,1762.6777406714243,1669.181425919881,2003.017711103857,40.903,333.8362851839762
6->14,6,14,398,414,1.0,0.85,0.85,0.15000000000000002,1.0,True,0.01815162132534223,2356.8377406714244,2253.407520290963,2704.0890243491554,40.903,450.6815040581926
6->2,6,2,398,394,24.0,0.15,3.5999999999999996,20.4,1.0,True,0.0655732303763838,623.775887892374,623.775887892374,748.5310654708488,40.903,124.75517757847481
6->3,6,3,398,395,9.0,0.15,1.3499999999999999,7.6499999999999995,1.0,True,0.03732643090982573,1169.0785720919412,1095.8186733367208,1314.982408004065,40.903,219.1637346673442
6->4,6,4,398,396,16.0,0.15,2.4,13.6,1.0,True,0.17122233281916585,920.1669234205891,920.1669234205891,1104.200308104707,157.553127211108,184.03338468411783
6->5,6,5,398,397,29.0,0.15,4.35,24.65,1.0,True,0.15502043594406428,1151.9149676068303,1016.3377896057368,1219.605347526884,157.553127211108,203.2675579211474
6->7,6,7,398,399,37.0,0.85,31.45,5.550000000000001,1.0,True,0.0,1030.320943500469,1030.320943500469,1236.3851322005628,0.0,206.0641887000938
6->8,6,8,398,401,2.0,0.85,1.7,0.30000000000000004,0.0,False,1.0,2089.2151330678817,1746.0858340807417,2095.30300089689,0.0,349.2171668161484
6->9,6,9,398,407,4.0,0.15,0.6,3.4,1.0,True,0.08707616498860828,1960.8127721184474,1809.371453505329,2171.2457442063946,157.553127211108,361.87429070106583
7->1,7,1,399,393,8.0,0.15,1.2,6.8,1.0,True,0.0,1765.8489411274377,1759.4450854958204,2111.3341025949844,0.0,351.8890170991641
7->10,7,10,399,408,8.0,0.15,1.2,6.8,1.0,True,0.017614381298660463,1285.993430824892,1280.828410460021,1536.994092552025,22.561,256.1656820920042
7->11,7,11,399,409,5.0,0.15,0.75,4.25,1.0,True,0.0,1810.881495324954,1652.894447529385,1983.473337035262,0.0,330.578889505877
7->12,7,12,399,410,11.0,0.15,1.65,9.35,1.0,True,0.0,2183.633495324954,2020.902731046007,2425.083277255208,0.0,404.1805462092014
7->13,7,13,399,412,14.0,0.15,2.1,11.9,1.0,True,0.0,2081.8083383600756,2020.8977310460068,2425.077277255208,0.0,404.17954620920136
7->14,7,14,399,414,4.0,0.85,3.4,0.6000000000000001,1.0,True,0.0,2777.1244953249543,2614.3937310460074,3137.2724772552087,0.0,522.8787462092015
7->2,7,2,399,394,12.0,0.85,10.2,1.8000000000000003,1.0,True,0.024733684227543386,1653.7366460937708,1653.7366460937708,1984.4839753125248,40.903,330.7473292187542
7->3,7,3,399,395,12.0,0.15,1.7999999999999998,10.2,1.0,True,0.0,1488.2091697805927,1488.2091697805927,1785.8510037367112,0.0,297.64183395611855
7->4,7,4,399,396,12.0,0.15,1.7999999999999998,10.2,1.0,True,0.0,1275.0534953249537,1275.0534953249537,1530.0641943899443,0.0,255.01069906499075
7->5,7,5,399,397,42.0,0.15,6.3,35.699999999999996,1.0,True,0.0,828.6674511387129,828.6674511387129,994.4009413664554,0.0,165.73349022774258
7->6,7,6,399,398,35.0,0.85,29.75,5.250000000000001,1.0,True,0.0,1029.960758201397,1029.960758201397,1235.9529098416765,0.0,205.99215164027942
7->8,7,8,399,401,25.0,0.15,3.75,21.25,0.0,False,1.0,1189.84270608514,1189.84270608514,1427.8112473021679,0.0,237.96854121702802
7->9,7,9,399,407,4.0,0.15,0.6,3.4,1.0,True,0.10284664995637349,1663.5945823653296,1658.4295620004586,1990.1154744005503,170.56392464036298,331.68591240009175
8->1,8,1,401,393,4.0,0.15,0.6,3.4,0.0,False,1.0,1917.9166781380889,1729.7570559746396,2075.7084671695675,0.0,345.9514111949279
8->10,8,10,401,408,6.0,0.15,0.8999999999999999,5.1,0.0,False,1.0,440.767208463185,440.767208463185,528.9206501558219,0.0,88.153441692637
8->11,8,11,401,409,1.0,0.85,0.85,0.15000000000000002,0.0,False,1.0,817.1769133764741,817.1769133764741,980.6122960517689,0.0,163.43538267529482
8->12,8,12,401,410,2.0,0.15,0.3,1.7,0.0,False,1.0,1090.727623635074,1074.1229439827641,1288.9475327793168,0.0,214.82458879655283
8->13,8,13,401,412,2.0,0.15,0.3,1.7,0.0,False,1.0,1189.376913376474,1074.1179439827638,1288.9415327793165,0.0,214.82358879655277
8->14,8,14,401,414,1.0,0.85,0.85,0.15000000000000002,0.0,False,1.0,1684.2186236350742,1667.613943982764,2001.1367327793168,0.0,333.52278879655285
8->2,8,2,401,394,2.0,0.15,0.3,1.7,1.0,True,0.19953391982192586,2459.4197142710314,2322.0523551919514,2786.4628262303418,463.328208463185,464.4104710383903
8->3,8,3,401,395,2.0,0.15,0.3,1.7,0.0,False,1.0,1640.2769067912438,1479.2932203624243,1775.1518644349092,0.0,295.8586440724849
8->5,8,5,401,397,3.0,0.15,0.44999999999999996,2.55,0.0,False,1.0,980.735188149364,945.6463144400582,1134.7755773280699,0.0,189.12926288801165
8->6,8,6,401,398,3.0,0.85,2.55,0.45000000000000007,0.0,False,1.0,2089.289152537247,1745.7256487816699,2094.870778538004,0.0,349.145129756334
8->7,8,7,401,399,19.0,0.15,2.85,16.15,0.0,False,1.0,1189.8427060851402,1189.8427060851402,1427.811247302168,0.0,237.96854121702805
8->9,8,9,401,407,1.0,0.15,0.15,0.85,0.0,False,1.0,711.649774937216,711.649774937216,853.9797299246592,0.0,142.3299549874432
9->10,9,10,407,408,2.0,0.15,0.3,1.7,0.0,False,1.0,377.601151540438,377.601151540438,453.12138184852563,0.0,75.5202303080876
9->11,9,11,407,409,1.0,0.15,0.15,0.85,1.0,True,0.0,504.817848697858,501.199848697858,601.4398184374296,0.0,100.2399697395716
9->12,9,12,407,410,3.0,0.85,2.55,0.45000000000000007,1.0,True,0.0,379.07784869785803,379.07784869785803,454.8934184374296,0.0,75.81556973957161
9->13,9,13,407,412,7.0,0.85,5.95,1.0500000000000003,1.0,True,0.0,629.048848697858,627.026848697858,752.4322184374296,0.0,125.4053697395716
9->14,9,14,407,414,1.0,0.85,0.85,0.15000000000000002,1.0,True,0.0,972.568848697858,972.568848697858,1167.0826184374296,0.0,194.51376973957161
9->2,9,2,407,394,1.0,0.15,0.15,0.85,1.0,True,0.0,2142.9808247571286,2078.9904830098417,2494.78857961181,0.0,415.7980966019684
9->3,9,3,407,395,3.0,0.15,0.44999999999999996,2.55,1.0,True,0.0,1222.648017277341,1196.846848697858,1436.2162184374295,0.0,239.3693697395716
9->4,9,4,407,396,4.0,0.15,0.6,3.4,1.0,True,0.0,1040.645848697858,1035.287848697858,1242.3454184374295,0.0,207.0575697395716
9->5,9,5,407,397,11.0,0.15,1.65,9.35,1.0,True,0.19226015208763128,917.5691312266171,887.1517201475049,1064.5820641770058,170.56392464036298,177.430344029501
9->6,9,6,407,398,5.0,0.15,0.75,4.25,1.0,True,0.08724183033764984,1960.8127721184471,1805.9355999448217,2167.122719933786,157.553127211108,361.18711998896435
9->7,9,7,407,399,5.0,0.15,0.75,4.25,1.0,True,0.10252733836019831,1663.5945823653299,1663.5945823653299,1996.3134988383958,170.56392464036298,332.718916473066
9->8,9,8,407,401,2.0,0.15,0.3,1.7,0.0,False,1.0,711.6497749372161,711.6497749372161,853.9797299246593,0.0,142.32995498744322
