numeric_id,original_id,node_type,x,y
1,392,zone,-93.2662069000028,44.96762480107725
2,393,zone,-93.26730099994843,44.97085745111296
3,394,zone,-93.25849160000273,44.96799290107725
4,395,zone,-93.26543480000278,44.97271000107729
5,396,zone,-93.26415420000276,44.9740818010773
6,397,zone,-93.26167319999507,44.976340101082016
7,398,zone,-93.25534230000268,44.97282140107729
8,399,zone,-93.25440570000268,44.97915560107735
9,401,zone,-93.2644473000028,44.98284540107736
10,402,zone,-93.26901120000281,44.98538120107741
11,403,zone,-93.27418440000288,44.98900050107741
12,404,zone,-93.27853760001048,44.98718340108023
13,405,zone,-93.28169850006448,44.98572230109423
14,406,zone,-93.27371284993194,44.981246051103525
15,407,zone,-93.26979600001252,44.97982410107948
16,408,zone,-93.2662534000028,44.97961960107735
17,409,zone,-93.26872570000283,44.97672140107733
18,410,zone,-93.27225910000286,44.97690140107733
19,412,zone,-93.27169440000286,44.97535710107729
20,413,zone,-93.27382310000287,44.97273380107729
21,414,zone,-93.27708410000291,44.9750171010773
22,415,zone,-93.27883436018715,44.97777812144597
23,416,zone,-93.28530860000299,44.98236790107736
24,417,zone,-93.283919000003,44.97694310107825
25,418,zone,-93.28417890000298,44.97397760107729
26,419,zone,-93.28276460000298,44.971315901077276
27,420,zone,-93.28442160000299,44.966296001077225
28,421,zone,-93.27781745000213,44.96944630107771
29,423,zone,-93.2745567000029,44.969762401077276
30,424,zone,-93.27076290000284,44.96874770107726
31,0,through,-93.26108660002366,44.97478485108164
32,1,through,-93.26027010000273,44.975742101077316
33,2,through,-93.26243355003812,44.97536540108434
34,3,through,-93.2648616000028,44.98959600107743
35,4,through,-93.26383190000277,44.990037601077454
36,5,through,-93.2660571000028,44.989116501077405
37,6,through,-93.26457660000278,44.98925850107742
38,7,through,-93.27305570000289,44.984092001077386
39,8,through,-93.27330230000287,44.984255801077374
40,9,through,-93.27369080000287,44.98362560107738
41,10,through,-93.27305570000289,44.984092001077386
42,11,through,-93.27308440000287,44.984926901077394
43,12,through,-93.27184471931649,44.984854608771215
44,13,through,-93.27198769996167,44.984165001092634
45,14,through,-93.2725195500103,44.98126210107998
46,15,through,-93.2718484322224,44.980921184253845
47,16,through,-93.27312730000288,44.980839401077354
48,17,through,-93.27137740000285,44.98208120107737
49,18,through,-93.27197050000285,44.98247950107736
50,19,through,-93.27081330000286,44.982483901077366
51,20,through,-93.27196550000286,44.98165950107736
52,21,through,-93.27249969294823,44.97961704267046
53,22,through,-93.27274411656973,44.97924500644458
54,23,through,-93.2595613500061,44.96886055113519
55,24,through,-93.25968220000271,44.968387501077245
56,25,through,-93.26022840000273,44.96885910107726
57,26,through,-93.25818820000272,44.968859101077264
58,27,through,-93.25817050000272,44.96799020107724
59,28,through,-93.25807410000272,44.96957830107726
60,29,through,-93.2581740000027,44.96760700107724
61,30,through,-93.2575736000027,44.96798950107724
62,32,through,-93.25818450000271,44.96648870107723
63,33,through,-93.25818190000271,44.96676720107723
64,34,through,-93.25903775002142,44.96639720114205
65,35,through,-93.25818430000271,44.965160001077216
66,36,through,-93.25641390005786,44.9715649510893
67,37,through,-93.25780920000271,44.97207530107728
68,38,through,-93.25582790000269,44.97123970107727
69,39,through,-93.2569985000027,44.970855001077275
70,40,through,-93.25863370000233,44.97111820107751
71,41,through,-93.25803205003142,44.972262501079584
72,42,through,-93.26324100000276,44.97439800107731
73,43,through,-93.26295540000275,44.9742781010773
74,44,through,-93.26367710000277,44.97390310107728
75,45,through,-93.26543410000278,44.9740011010773
76,46,through,-93.2661189000028,44.9742913010773
77,47,through,-93.26504680000278,44.974449001077296
78,48,through,-93.2659739000028,44.9755549010773
79,49,through,-93.2662217000028,44.97526010107732
80,50,through,-93.26324100000276,44.97439800107731
81,51,through,-93.26379705003315,44.975940801083816
82,52,through,-93.26543410000278,44.9740011010773
83,54,through,-93.26705200000282,44.972084001077285
84,55,through,-93.2668490000028,44.972341901077286
85,56,through,-93.26743980000282,44.97224320107729
86,57,through,-93.2648849000028,44.97247400107729
87,58,through,-93.26528150000279,44.972005001077285
88,59,through,-93.26447217485747,44.9723742194469
89,60,through,-93.26299580000277,44.97689200107732
90,61,through,-93.26027010000273,44.975742101077316
91,62,through,-93.26216900000276,44.97785200107734
92,63,through,-93.2662475000028,44.973058901077295
93,64,through,-93.26839200000283,44.97263400107728
94,65,through,-93.2667953000028,44.974577901077296
95,66,through,-93.26814550000283,44.97515860107732
96,67,through,-93.26720440000281,44.9740903010773
97,68,through,-93.26299580000277,44.97689200107732
98,69,through,-93.26520140000278,44.97647790107732
99,70,through,-93.27008410000285,44.977280501077324
100,71,through,-93.26928940000285,44.97821570107733
101,73,through,-93.27086930000286,44.97632730107731
102,74,through,-93.26884750000283,44.97873270107733
103,75,through,-93.27069050000286,44.97880530107733
104,77,through,-93.27034900000282,44.974791101077294
105,78,through,-93.27247860000287,44.97439270107729
106,80,through,-93.27285300000285,44.9745541010773
107,81,through,-93.27331070000287,44.97339840107728
108,82,through,-93.27355370000288,44.973071801077296
109,83,through,-93.27196490000286,44.972819701077285
110,84,through,-93.26953660000284,44.97575790107731
111,85,through,-93.28102390000295,44.97584690107732
112,86,through,-93.28318010000298,44.9759674010773
113,87,through,-93.28071730000295,44.975183401077295
114,88,through,-93.28047170004065,44.97600935110377
115,89,through,-93.28017810000296,44.977909001077336
116,90,through,-93.27927840000294,44.97792520107733
117,91,through,-93.28021180000296,44.97751960107733
118,92,through,-93.27992490000294,44.978432401077335
119,93,through,-93.26462939995596,44.98718315108995
120,94,through,-93.26410410000278,44.98733640107741
121,95,through,-93.26359000000276,44.9863501010774
122,96,through,-93.26545332746896,44.98058900430982
123,97,through,-93.26679654047612,44.981174346270535
124,98,through,-93.26462650001203,44.98156690107936
125,99,through,-93.26432040007451,44.98193260109277
126,100,through,-93.26396840000277,44.981314101077345
127,101,through,-93.27117360000284,44.973811001077294
128,102,through,-93.27196490000286,44.972819701077285
129,103,through,-93.25914000000273,44.97926700107735
130,104,through,-93.25993230000275,44.97960190107735
131,105,through,-93.25844530001328,44.98009520107932
132,106,through,-93.25869210000273,44.97907820107732
133,107,through,-93.25996745004474,44.978310051086574
134,108,through,-93.28803850000303,44.9720617010773
135,109,through,-93.28804120000302,44.971828601077284
136,110,through,-93.28929444717384,44.97199409459955
137,111,through,-93.28696060000264,44.97213670107734
138,112,through,-93.28805850000303,44.96891220107726
139,113,through,-93.28740551447152,44.96902305742662
140,114,through,-93.28809866086107,44.96712436287351
141,115,through,-93.28921330000304,44.96892630107725
142,116,through,-93.28736930000301,44.96936620107726
143,117,through,-93.27662740000291,44.98744710107741
144,118,through,-93.27720530000292,44.987037301077386
145,119,through,-93.27738050000292,44.98800060107741
146,120,through,-93.2763710000029,44.98726630107741
147,121,through,-93.27980000000294,44.988041001077406
148,122,through,-93.27994773033184,44.98794769082796
149,123,through,-93.27948584998161,44.98782520108506
150,124,through,-93.27917360000947,44.98848615107974
151,125,through,-93.27907074991987,44.98752655110693
152,126,through,-93.27482604993196,44.9861566511031
153,127,through,-93.2741194530274,44.98655313272055
154,128,through,-93.27432550000289,44.98579660107739
155,129,through,-93.2753383000029,44.98568960107739
156,130,through,-93.2772845589063,44.978918587151654
157,131,through,-93.27734940000292,44.979412401077354
158,132,through,-93.2757110000029,44.98595550107739
159,133,through,-93.2759140000029,44.98527100107737
160,134,through,-93.27505709993244,44.985481551101806
161,135,through,-93.27933850000294,44.98444720107738
162,136,through,-93.27989702055625,44.984730532608964
163,137,through,-93.27834747106186,44.98377457919552
164,138,through,-93.2786870000832,44.984891751107014
165,139,through,-93.27985380000294,44.98422370107737
166,140,through,-93.27858390000293,44.98888790107742
167,141,through,-93.27813315552548,44.98855185155906
168,142,through,-93.27966780000294,44.989674801077435
169,143,through,-93.28542530000301,44.988769001077415
170,144,through,-93.285442700003,44.989478101077424
171,145,through,-93.285173000003,44.98859150107741
172,146,through,-93.28614370001769,44.98933695109444
173,147,through,-93.285432800003,44.990333801077426
174,148,through,-93.28747970000303,44.98905830107743
175,149,through,-93.284876300003,44.98880190107742
176,150,through,-93.28448020008189,44.98799235110506
177,151,through,-93.27693440000292,44.98937850107742
178,152,through,-93.2758300000029,44.990155401077416
179,153,through,-93.27676805006288,44.98914460110155
180,154,through,-93.2771629000029,44.989539901077414
181,155,through,-93.285546900003,44.96761020107725
182,156,through,-93.28593510030377,44.96708115650292
183,157,through,-93.28606761202413,44.96802325463636
184,158,through,-93.285191100003,44.967506501077246
185,159,through,-93.28682210000302,44.96658900107723
186,160,through,-93.28642110000303,44.966350801077226
187,161,through,-93.28726023292889,44.96684141103198
188,162,through,-93.27350909997014,44.986916501089446
189,163,through,-93.2740850000029,44.98732730107739
190,164,through,-93.285627600003,44.9746888010773
191,165,through,-93.285621700003,44.974907301077295
192,166,through,-93.28507050000302,44.97494410107731
193,167,through,-93.28556680000301,44.9739918010773
194,168,through,-93.28494625000312,44.973978301141024
195,169,through,-93.28556600000302,44.9735217010773
196,170,through,-93.26383890000277,44.96939320107725
197,171,through,-93.2645327999905,44.96969010108491
198,172,through,-93.26307420000276,44.96892180107725
199,173,through,-93.26510660000278,44.96806150107725
200,174,through,-93.26443685000244,44.96806000114407
201,175,through,-93.26510740000279,44.96856310107725
202,176,through,-93.2658179000028,44.96806190107725
203,177,through,-93.26617890000281,44.969161301077264
204,178,through,-93.2658527000028,44.96909000107726
205,179,through,-93.2676540000028,44.96891400107725
206,180,through,-93.2667212000028,44.96933780107725
207,181,through,-93.2629486999266,44.97033290112059
208,182,through,-93.26267650000275,44.96986530107727
209,183,through,-93.26217970000276,44.97132190107728
210,184,through,-93.26136800000275,44.97005800107727
211,185,through,-93.26437980000279,44.97094570107727
212,186,through,-93.26502120000279,44.97121880107727
213,187,through,-93.26411200000277,44.971269301077285
214,188,through,-93.28673899007056,44.98084322854114
215,189,through,-93.28610655000189,44.980765001136
216,190,through,-93.28673930000302,44.979418301077345
217,191,through,-93.28640360000301,44.979352901077334
218,192,through,-93.28805020000303,44.97944560107734
219,193,through,-93.28673080000301,44.97993800107735
220,194,through,-93.2645327999905,44.96969010108491
221,195,through,-93.26429760000275,44.96892325113782
222,196,through,-93.26545240000279,44.969001801077255
223,197,through,-93.26510690000279,44.969469601077265
224,198,through,-93.26478385007829,44.96989395109391
225,199,through,-93.26510600000279,44.96993460107725
226,200,through,-93.26481240000547,44.970394351077864
227,201,through,-93.26787530000281,44.984579001077385
228,202,through,-93.2686078250342,44.98594342382583
229,204,through,-93.26845130000282,44.98416780107738
230,205,through,-93.26665709993583,44.98378670111257
231,206,through,-93.26949770000284,44.98572600107741
232,207,through,-93.26964135003277,44.98492510108827
233,208,through,-93.26902180000283,44.983760601077364
234,209,through,-93.26959740000284,44.98335070107736
235,210,through,-93.2678826000028,44.98296040107737
236,211,through,-93.26978980000284,44.98427930107737
237,212,through,-93.27021580000284,44.982910401077376
238,213,through,-93.26963070000284,44.982519201077366
239,214,through,-93.27038530000286,44.98309280107739
240,215,through,-93.27134496938928,44.98047758039137
241,216,through,-93.27190487582578,44.980090073128984
242,217,through,-93.2702078796195,44.981282150144985
243,218,through,-93.26901593517185,44.982057095718645
244,219,through,-93.27110275219435,44.980798763112894
245,220,through,-93.27784675009049,44.97710815112587
246,221,through,-93.27705360000292,44.97800230107733
247,222,through,-93.28083000000295,44.96640400107723
248,223,through,-93.28141700000296,44.966470401077224
249,224,through,-93.28072710000274,44.96691075112359
250,225,through,-93.28039880000296,44.966376801077224
251,226,through,-93.27697289479323,44.976421596330866
252,227,through,-93.27752685944668,44.97603595178078
253,228,through,-93.27632399998112,44.976954101085454
254,230,through,-93.27868990000293,44.97674520107732
255,231,through,-93.27940320000295,44.976451201077325
256,232,through,-93.27834370000292,44.97629190107731
257,233,through,-93.27882580000293,44.97714900107732
258,234,through,-93.27987140000295,44.976258201077314
259,235,through,-93.27962970000294,44.97635780107732
260,236,through,-93.27882580000293,44.97714900107732
261,237,through,-93.27801887215527,44.97586435259207
262,238,through,-93.2779676966622,44.975393664570944
263,240,through,-93.27932700000294,44.96637300107724
264,241,through,-93.28000123685342,44.9663754285284
265,242,through,-93.27858590000292,44.96722580107724
266,243,through,-93.27933140000295,44.96537960107723
267,244,through,-93.28939490002868,44.98826320107932
268,245,through,-93.25583650000269,44.97662720107732
269,246,through,-93.25549390000269,44.97702180107731
270,247,through,-93.25724900004116,44.97715555108524
271,248,through,-93.2567997873509,44.97531493296503
272,249,through,-93.25787400006375,44.97594705108946
273,250,through,-93.2549713999579,44.977503851104196
274,251,through,-93.2564090000027,44.97811100107733
275,252,through,-93.25369410000268,44.97696370107733
276,253,through,-93.25231920000266,44.97637560107732
277,254,through,-93.25421210000268,44.976350301077325
278,255,through,-93.25583650000269,44.97662720107732
279,256,through,-93.27647560000293,44.9848696010774
280,257,through,-93.27640770000292,44.9856215010774
281,258,through,-93.27354500000287,44.97087000107727
282,259,through,-93.27510630000155,44.96981780107744
283,260,through,-93.27205620000285,44.970241901077266
284,261,through,-93.27574549999302,44.97048890108314
285,262,through,-93.27354500000287,44.97087000107727
286,263,through,-93.27412300000287,44.97238510107728
287,264,through,-93.2755790000029,44.97301050107728
288,266,through,-93.27957080000294,44.97380550107729
289,267,through,-93.28043570000295,44.97345620107729
290,268,through,-93.27831280000292,44.9743265010773
291,269,through,-93.27909060000295,44.97319730107729
292,270,through,-93.28299870000298,44.9736892010773
293,271,through,-93.28242100003031,44.97305910109479
294,272,through,-93.28324010000297,44.97395480107729
295,273,through,-93.28169510000296,44.9742224010773
296,274,through,-93.28559545001544,44.9726181010862
297,275,through,-93.28035830000296,44.9747682010773
298,276,through,-93.28010539998684,44.97482810108069
299,277,through,-93.28112522470911,44.974357645207334
300,278,through,-93.27957080000294,44.97380550107729
301,279,through,-93.28203260000296,44.97464010107731
302,280,through,-93.28129710000296,44.9737522010773
303,281,through,-93.27933790000294,44.969858901077274
304,282,through,-93.27902330000295,44.96984800107725
305,283,through,-93.27933680000294,44.96967430107726
306,284,through,-93.27933720000294,44.97005260107727
307,285,through,-93.27976020000294,44.96986870107727
308,286,through,-93.27933127322025,44.970596751639185
309,287,through,-93.26244400000277,44.98196000107736
310,288,through,-93.26016739999207,44.98034505108367
311,289,through,-93.26346099998297,44.98243165108963
312,290,through,-93.26284360000275,44.98147380107736
313,291,through,-93.28224150000295,44.97271840107728
314,292,through,-93.28149350000297,44.971819401077276
315,293,through,-93.28168930006431,44.97294480111487
316,294,through,-93.28192710000297,44.97164540107729
317,295,through,-93.28032374019402,44.97257142481347
318,296,through,-93.27649356416916,44.967987726726236
319,297,through,-93.27649900000306,44.96847980108242
320,298,through,-93.27772455000238,44.96806545111712
321,299,through,-93.27782160000291,44.96773000107724
322,300,through,-93.27781860000292,44.968400701077236
323,301,through,-93.28803850000303,44.9720617010773
324,302,through,-93.28929420000304,44.973019801077285
325,303,through,-93.26928940000285,44.97821570107733
326,304,through,-93.26793130000281,44.97763490107733
327,305,through,-93.2661162000028,44.977575501077325
328,306,through,-93.2659739000028,44.9755549010773
329,307,through,-93.26704840001771,44.978654301080496
330,308,through,-93.26747850000281,44.97815500107735
331,309,through,-93.26568645001953,44.978082251080956
332,310,through,-93.27275100000286,44.97182100107729
333,311,through,-93.27354500000287,44.97087000107727
334,312,through,-93.27650435000295,44.968919451081376
335,313,through,-93.27647230000298,44.96928345107749
336,314,through,-93.27781700000276,44.96885655107764
337,316,through,-93.2768800650901,44.96896813136557
338,317,through,-93.2659739000028,44.9755549010773
339,318,through,-93.27129340000285,44.98698610107741
340,319,through,-93.27067140000547,44.98742510107833
341,320,through,-93.27232870000287,44.9876928010774
342,321,through,-93.27013940000285,44.98618090107741
343,322,through,-93.27240290000286,44.98681110107739
344,323,through,-93.27483630005338,44.981206151094895
345,324,through,-93.2759099000029,44.98205180107736
346,325,through,-93.27425880000288,44.981625201077364
347,326,through,-93.28955040000304,44.97966650107734
348,327,through,-93.28803790000303,44.97893760107735
349,328,through,-93.2759802000029,44.98038260107734
350,329,through,-93.27523490000289,44.98092090107735
351,330,through,-93.2748328000029,44.97960510107734
352,331,through,-93.285300400003,44.98401610107738
353,332,through,-93.28541374994771,44.984333101084694
354,334,through,-93.28954970000304,44.978950601077344
355,335,through,-93.26842600001486,44.97924090107988
356,336,through,-93.26759825001666,44.97888845108034
357,337,through,-93.26177900000276,44.978323101077336
358,338,through,-93.26294300000276,44.97818160107733
359,339,through,-93.285523900003,44.98527730107739
360,340,through,-93.28551980000141,44.98467945107752
361,341,through,-93.28663210000303,44.98528380107738
362,342,through,-93.28551590000299,44.98562000107738
363,343,through,-93.26408920000279,44.973435501077304
364,344,through,-93.2648849000028,44.97247400107729
365,345,through,-93.26082910000274,44.977301301077325
366,346,through,-93.26107470000274,44.977406101077335
367,348,through,-93.26135460002587,44.978839201082295
368,349,through,-93.26092821362612,44.97937469893936
369,350,through,-93.2627340397137,44.979438797334154
370,351,through,-93.26352400000277,44.97842900107733
371,352,through,-93.26430090001818,44.97749175108062
372,353,through,-93.26403719998409,44.9786538010882
373,354,through,-93.27818300000293,44.985245001077395
374,355,through,-93.27895400000294,44.98580200107739
375,356,through,-93.27764180000293,44.98490190107738
376,357,through,-93.27703500000293,44.986067001077394
377,358,through,-93.27765001810754,44.984127866975
378,359,through,-93.25507240000269,44.97092690107728
379,360,through,-93.25456179995248,44.97071030110244
380,361,through,-93.25529250000268,44.97067050107727
381,362,through,-93.25589700000269,44.969966301077264
382,363,through,-93.25532044991851,44.97046985112541
383,364,through,-93.25644737846656,44.97022087443401
384,365,through,-93.28408330000299,44.98782660107741
385,366,through,-93.2834490500605,44.98827645109644
386,367,through,-93.28196610000298,44.986305701077406
387,368,through,-93.28461635002695,44.98744635108588
388,369,through,-93.25725960000271,44.97053690107727
389,370,through,-93.25863370000233,44.97111820107751
390,371,through,-93.2577653000027,44.96994170107726
391,372,through,-93.25771289998183,44.96942565108985
392,373,through,-93.25480000000269,44.96949230107726
393,374,through,-93.25589700000269,44.969966301077264
394,375,through,-93.28550410000301,44.986316901077416
395,376,through,-93.284853650003,44.98631620110842
396,377,through,-93.27944320006698,44.986050351100815
397,378,through,-93.27779400000293,44.9866070010774
398,379,through,-93.25374865001736,44.97034255108064
399,380,through,-93.25507390000269,44.9721801010773
400,381,through,-93.27056500000286,44.9722190010773
401,382,through,-93.27035570000284,44.972474701077275
402,383,through,-93.26921100000283,44.97165700107727
403,384,through,-93.27136000000286,44.97126540107728
404,385,through,-93.27698070000291,44.97358370107729
405,386,through,-93.27739060004244,44.97311000108607
406,387,through,-93.2761194000029,44.97459970107731
407,388,through,-93.28176550000298,44.9861605010774
408,389,through,-93.28282100000297,44.9863123010774
409,390,through,-93.269480050087,44.974313301095194
410,391,through,-93.28401940000299,44.96505950107722
411,392,through,-93.28439160000299,44.96518100107721
412,393,through,-93.28068800000295,44.96422060107721
413,394,through,-93.28375320000299,44.965130801077215
414,395,through,-93.27781700000293,44.96522900107722
415,396,through,-93.27663460000309,44.96522745108236
416,397,through,-93.2778170000029,44.964784051077295
417,398,through,-93.27781630000291,44.96722470107724
418,399,through,-93.28295230000299,44.98864820107743
419,400,through,-93.28201740000297,44.98799800107741
420,401,through,-93.28236830000297,44.989050501077415
421,402,through,-93.26790970000282,44.97109330107727
422,403,through,-93.26705200000282,44.972084001077285
423,405,through,-93.27017730000284,44.97076240107725
424,406,through,-93.2687351999251,44.971450851122924
425,407,through,-93.27956250000294,44.98014450107733
426,408,through,-93.28064110000295,44.97927220107735
427,409,through,-93.27882430000292,44.97890030107734
428,410,through,-93.2676540000028,44.96806300107723
429,411,through,-93.26892900000283,44.96806300107724
430,412,through,-93.2676540000028,44.96717500107723
431,413,through,-93.26699060000281,44.96806260107726
432,414,through,-93.26902757331592,44.988674526051355
433,415,through,-93.26972400000284,44.98811830107742
434,416,through,-93.26677575002982,44.98645790110577
435,417,through,-93.26151770000276,44.971040401077275
436,418,through,-93.26135010000276,44.97226690107728
437,419,through,-93.26355320000279,44.97191610107727
438,420,through,-93.26316044999788,44.97173810108002
439,421,through,-93.26331260000278,44.972188301077296
440,422,through,-93.28627460000301,44.98607610107739
441,423,through,-93.284449600003,44.98486520107738
442,424,through,-93.26817290566791,44.98173240778651
443,425,through,-93.26510660000278,44.96806150107725
444,426,through,-93.26587117537582,44.96721978538523
445,427,through,-93.26442060000277,44.96716990107724
446,428,through,-93.26511400000278,44.96627800107724
447,429,through,-93.26511060000279,44.96716950107724
448,430,through,-93.2658179000028,44.96627500107725
449,431,through,-93.2669456000028,44.96717345108234
450,432,through,-93.2676540000028,44.966267001077256
451,433,through,-93.2676540000028,44.96510300107723
452,434,through,-93.28292800000298,44.99150100107743
453,435,through,-93.28293560000297,44.991741501077435
454,436,through,-93.28291570000299,44.99089920107743
455,437,through,-93.28320290000299,44.99149830107745
456,438,through,-93.26253800000278,44.96805760107725
457,439,through,-93.26257130000276,44.96716800107724
458,440,through,-93.26254420000275,44.96853560107726
459,441,through,-93.26220360000276,44.967993001077254
460,442,through,-93.26334010000278,44.96805750107725
461,443,through,-93.26763080000282,44.98020350107734
462,444,through,-93.26793938193273,44.97971510135179
463,445,through,-93.26804580000282,44.98037880107734
464,446,through,-93.27785340000293,44.970299901077276
465,447,through,-93.27813970000292,44.97035810107726
466,448,through,-93.27783000000291,44.969842301077264
467,449,through,-93.27773020000292,44.970578601077264
468,450,through,-93.28570668876118,44.965941900937544
469,451,through,-93.28605830000299,44.96541330107721
470,452,through,-93.2753082000029,44.96711660107724
471,453,through,-93.27272820000287,44.96712750107723
472,454,through,-93.25724390000272,44.97492650107732
473,455,through,-93.27984720000295,44.993107601077455
474,456,through,-93.27983410000294,44.99202470107746
475,457,through,-93.28011880000295,44.993105301077456
476,458,through,-93.2566804000027,44.96686880107723
477,459,through,-93.2561824000027,44.96743870107726
478,460,through,-93.28208520000295,44.99091460107745
479,461,through,-93.28328484897818,44.99094934933605
480,462,through,-93.27707969992339,44.97103865112177
481,463,through,-93.27813970000292,44.97035810107726
482,464,through,-93.2749394000054,44.971430301077866
483,465,through,-93.27778410000293,44.9726571010773
484,466,through,-93.27815620000293,44.972254901077285
485,467,through,-93.27876019998098,44.97290570109135
486,468,through,-93.27994750000295,44.972102701077276
487,469,through,-93.27978350000294,44.97190250107729
488,470,through,-93.28089090000296,44.9732723010773
489,471,through,-93.28102670000294,44.9734328010773
490,472,through,-93.2779676966622,44.975393664570944
491,473,through,-93.2565896000027,44.967608501077244
492,474,through,-93.25601530000269,44.96763380107725
493,475,through,-93.25863080000273,44.986133601077405
494,476,through,-93.26014120000274,44.9857488010774
495,477,through,-93.28480848468394,44.97158422007575
496,478,through,-93.2765756000029,44.96627910107722
497,479,through,-93.2759527000029,44.966274501077244
498,480,through,-93.27649384544725,44.96717314328753
499,481,through,-93.26256940000277,44.96524160107723
500,482,through,-93.26255880000275,44.966304101077235
501,483,through,-93.26160730000275,44.9861852010774
502,484,through,-93.26108890000276,44.985423701077394
503,485,through,-93.25931520000273,44.98698200107741
504,486,through,-93.25893340000273,44.97519830107732
505,487,through,-93.25967400000275,44.97643390107732
506,488,through,-93.26191020000275,44.9738273010773
507,489,through,-93.26108660002366,44.97478485108164
508,490,through,-93.26055100000274,44.97325220107729
509,491,through,-93.26310489994225,44.986486651089436
510,492,through,-93.26162629997354,44.98533770108082
511,493,through,-93.28677230000302,44.98171990107736
512,494,through,-93.28678080000303,44.982011801077356
513,495,through,-93.285321000003,44.98171160107737
514,496,through,-93.25401410000268,44.97440820107728
515,497,through,-93.25262850000266,44.97384060107729
516,498,through,-93.25488680000268,44.9747965010773
517,499,through,-93.25452005247165,44.97380941734929
518,500,through,-93.25359780000267,44.9748846010773
519,501,through,-93.25536130131711,44.97512092524448
520,502,through,-93.28746110000304,44.98528870107738
521,503,through,-93.28538877135506,44.97208165907979
522,504,through,-93.28355910000299,44.98422440107737
523,505,through,-93.26272830000276,44.972849101077294
524,506,through,-93.26306840000277,44.972996201077294
525,507,through,-93.28803160000302,44.97301140107729
526,508,through,-93.26897860000282,44.974201301077294
527,509,through,-93.26759040000282,44.97583960107731
528,510,through,-93.28094900000296,44.99093030107743
529,511,through,-93.2815688500038,44.99092420108813
530,512,through,-93.28147830000297,44.99200500107745
531,513,through,-93.28056350000296,44.99031190107744
532,514,through,-93.25480000000269,44.96949230107726
533,515,through,-93.25550580000268,44.96822840107725
534,516,through,-93.28104020000296,44.98563550107739
535,517,through,-93.28133484997649,44.985848801086746
536,518,through,-93.285321500003,44.98139250107736
537,519,through,-93.2753074000029,44.96627130107722
538,520,through,-93.27530550000289,44.96584950107722
539,521,through,-93.2746865000029,44.96627750107723
540,522,through,-93.28239750000297,44.98990300107742
541,523,through,-93.28177380000297,44.989463501077424
542,524,through,-93.28328484897818,44.99094934933605
543,525,through,-93.28312140000298,44.98968190107744
544,526,through,-93.28129944997026,44.98912200108896
545,527,through,-93.28114983727627,44.98990077825031
546,528,through,-93.27404730000288,44.96627580107724
547,529,through,-93.27340180000289,44.966279501077224
548,530,through,-93.26932070000284,44.9737793010773
549,531,through,-93.26759330000282,44.973626801077295
550,532,through,-93.27021100000285,44.96892450107727
551,534,through,-93.27021430000285,44.968066701077255
552,535,through,-93.2688593499522,44.97283140110779
553,537,through,-93.26704840001771,44.978654301080496
554,538,through,-93.26686385761568,44.97987891600736
555,539,through,-93.2661535000028,44.983568701077374
556,540,through,-93.26595789763414,44.98422773818511
557,541,through,-93.26057285001795,44.98559855108883
558,542,through,-93.25907624993243,44.9726199511188
559,543,through,-93.25962679994011,44.971975951112256
560,544,through,-93.26009890000273,44.973058401077296
561,545,through,-93.25578200000268,44.97884210107733
562,546,through,-93.2577894000027,44.97869770107733
563,547,through,-93.28153950000288,44.97793365110562
564,548,through,-93.28262270000282,44.977876651077686
565,549,through,-93.28161730000296,44.97746650107733
566,550,through,-93.27129140000284,44.9853406010774
567,551,through,-93.27110700000286,44.98520840107739
568,552,through,-93.2707687909226,44.98585235698258
569,553,through,-93.27244639997791,44.98617655108661
570,554,through,-93.28294340000298,44.99199090107743
571,555,through,-93.28225500000298,44.991997501077435
572,556,through,-93.28282390000298,44.99331290107745
573,557,through,-93.26004375002086,44.97390650108167
574,558,through,-93.25826764996592,44.975843801095024
575,559,through,-93.25809610000272,44.97613580107731
576,560,through,-93.25943780000271,44.97670810107732
577,561,through,-93.25782480008277,44.97646625109438
578,562,through,-93.26080510000274,44.97073730107728
579,563,through,-93.26026120000273,44.97050520107727
580,564,through,-93.26096220006373,44.97274515108999
581,565,through,-93.26104340000275,44.96886220107725
582,566,through,-93.25999280000273,44.971686901077284
583,567,through,-93.26135010000276,44.97226690107728
584,568,through,-93.26177215344269,44.96857019604342
585,569,through,-93.26104620000274,44.96833040107726
586,570,through,-93.2747062000029,44.973996601077296
587,571,through,-93.27570800000291,44.975083601077294
588,572,through,-93.26892900000283,44.96843510107725
589,573,through,-93.27178720000288,44.97073550107728
590,574,through,-93.27184749727166,44.97135340048892
591,575,through,-93.28030550000295,44.98922610107741
592,576,through,-93.28088860000295,44.988824301077415
593,577,through,-93.28072809996614,44.98952285109085
594,578,through,-93.27374370000288,44.98038040107736
595,579,through,-93.2743248000029,44.979965201077356
596,580,through,-93.27429459998257,44.980775551084356
597,581,through,-93.27941790000294,44.991137201077436
598,582,through,-93.28034540000296,44.99016170107743
599,583,through,-93.27737650000347,44.96716890107752
600,584,through,-93.2764490000029,44.97760410107733
601,585,through,-93.27735310000291,44.978306901077325
602,586,through,-93.27672060000292,44.97825380107732
603,587,through,-93.27591216098939,44.977190323570085
604,588,through,-93.27536264998042,44.977648501085156
605,589,through,-93.26512820000279,44.98313620107737
606,590,through,-93.2657521000028,44.98240350107736
607,591,through,-93.2657537000028,44.98340010107738
608,593,through,-93.28186710000297,44.96881810107726
609,594,through,-93.28083000000295,44.96881200107725
610,595,through,-93.28185720000297,44.96835630107725
611,596,through,-93.28186210000297,44.96947310107726
612,597,through,-93.27522759993305,44.98973830110281
613,598,through,-93.27502620000288,44.990872701077436
614,599,through,-93.26256780000277,44.96692500107725
615,600,through,-93.26290840000276,44.96716820107725
616,601,through,-93.280958168518,44.96987203233847
617,602,through,-93.27933300000294,44.96880200107724
618,603,through,-93.27968400000294,44.968804401077264
619,604,through,-93.27932700000294,44.96637300107724
620,605,through,-93.27481326816799,44.97798433493332
621,606,through,-93.27365253213043,44.97881139057992
622,607,through,-93.2676540000028,44.96891400107725
623,608,through,-93.26700260000281,44.96945750107726
624,609,through,-93.2657087000028,44.971513001077284
625,610,through,-93.26705200000282,44.972084001077285
626,611,through,-93.2665436000028,44.97053060107726
627,612,through,-93.27219480000285,44.986295201077404
628,613,through,-93.28083450000295,44.96938160107723
629,614,through,-93.28017120000294,44.96880760107725
630,615,through,-93.28185660000297,44.96987350107727
631,617,through,-93.26104810000274,44.967982801077255
632,618,through,-93.26025200000272,44.96798410107725
633,619,through,-93.26105700000274,44.966803301077235
634,620,through,-93.26379130000277,44.98256510107736
635,621,through,-93.26596930004888,44.982152751087526
636,622,through,-93.2657861000028,44.982000901077356
637,623,through,-93.2662679000028,44.98179950107737
638,624,through,-93.28752160000303,44.98443910107739
639,625,through,-93.28183379999506,44.967675751077834
640,626,through,-93.28083000000295,44.967732601077245
641,627,through,-93.28335190000297,44.96792450107724
642,628,through,-93.26699265006933,44.969995701091094
643,629,through,-93.26510600000279,44.96993460107725
644,630,through,-93.28083000000295,44.96881200107725
645,631,through,-93.28007515000306,44.96773075108218
646,632,through,-93.26557550003218,44.98838640110804
647,633,through,-93.26892900000283,44.96891000107726
648,634,through,-93.26827260000607,44.96891060111884
649,635,through,-93.26892360000282,44.96936730107727
650,636,through,-93.25451515004487,44.975993801086176
651,637,through,-93.25276905001196,44.975859251079335
652,639,through,-93.285103400003,44.96651740107724
653,640,through,-93.27519290006262,44.987383401098576
654,641,through,-93.2758603000029,44.986906101077416
655,642,through,-93.2744060000029,44.9866782010774
656,643,through,-93.26106010000274,44.96638770107724
657,644,through,-93.26255880000275,44.966304101077235
658,645,through,-93.26511400000278,44.96627800107724
659,646,through,-93.26254890000277,44.96889880107725
660,647,through,-93.26765680000281,44.96911910107726
661,648,through,-93.26789114996416,44.96988360108088
662,649,through,-93.27529630000289,44.97927290107734
663,650,through,-93.27527430000289,44.97559390107731
664,651,through,-93.27448710000289,44.97653420107732
665,652,through,-93.27697289479323,44.976421596330866
666,653,through,-93.28805850000303,44.96891220107726
667,654,through,-93.2815513683574,44.978945846549074
668,655,through,-93.26186413268654,44.98693959704593
669,656,through,-93.26595789763414,44.98422773818511
670,657,through,-93.26126720000275,44.9872320010774
671,658,through,-93.27277510000286,44.965225001077215
672,659,through,-93.27341710000289,44.96522100107724
673,660,through,-93.27214260000285,44.96522180107724
674,661,through,-93.27277380000285,44.96454810107722
675,662,through,-93.27266184243396,44.965694115267965
676,663,through,-93.27148240000216,44.96528465107766
677,664,through,-93.27149330000286,44.96395590107721
678,665,through,-93.27084640000287,44.965224401077386
679,666,through,-93.27881950000292,44.978651901077335
680,667,through,-93.27169440000286,44.97535710107729
681,668,through,-93.26059850000273,44.979883401077345
682,669,through,-93.26157880000275,44.98029640107734
683,670,through,-93.26029960000274,44.97975710107735
684,671,through,-93.27958250000295,44.99139250107744
685,672,through,-93.27900400000294,44.99084020107743
686,673,through,-93.26323700000277,44.98099500107735
687,674,through,-93.26343700000278,44.98075780107736
688,675,through,-93.25314750004729,44.9754134510871
689,676,through,-93.25160090000264,44.97507110107732
690,677,through,-93.25104339996751,44.97583425109843
691,678,through,-93.25139440000264,44.97531300107731
692,679,through,-93.24966350000261,44.97529150107731
693,680,through,-93.25969030000273,44.96638550107725
694,681,through,-93.25968890000273,44.96709590107724
695,682,through,-93.2784727500028,44.96772980113334
696,683,through,-93.27392020000289,44.98467650107738
697,684,through,-93.27357934995668,44.98444435109475
698,685,through,-93.2745209000029,44.98428160107739
699,686,through,-93.27328290000287,44.98506700107738
700,687,through,-93.25193510006288,44.97685740108828
701,688,through,-93.25203360000266,44.97625390107732
702,689,through,-93.28541374994771,44.984333101084694
703,690,through,-93.27086370000286,44.963960401077216
704,691,through,-93.27213570000286,44.9639611010772
705,692,through,-93.27781700000293,44.964195001077215
706,693,through,-93.26328550000277,44.96629240107723
707,694,through,-93.26039390000273,44.986279001077406
708,695,through,-93.28263010000298,44.984255501077385
709,696,through,-93.28293824993308,44.983816401104576
710,697,through,-93.28946570000303,44.982782301077364
711,698,through,-93.28860650000304,44.98284740107737
712,699,through,-93.27495240000289,44.989543801077424
713,700,through,-93.27622080000292,44.98914620107742
714,701,through,-93.26082910000274,44.977301301077325
715,702,through,-93.2590886000192,44.97713695108076
716,703,through,-93.28102390000295,44.97584690107732
717,704,through,-93.28210940000297,44.976944201077316
718,705,through,-93.27628160006384,44.96987360109986
719,706,through,-93.25860270004168,44.97773030108531
720,707,through,-93.25785180008187,44.97965800109498
721,708,through,-93.25893818706712,44.98060425835963
722,709,through,-93.27021470000284,44.96396170107722
723,710,through,-93.2580687000027,44.97757740107733
724,711,through,-93.27904838773789,44.97523782443782
725,712,through,-93.27941664430116,44.97503242435991
726,713,through,-93.2766311500028,44.9639580010828
727,715,through,-93.28376620000297,44.97397390107728
728,716,through,-93.284163900003,44.97495910107731
729,717,through,-93.28925460000305,44.975990101077294
730,718,through,-93.2765864000029,44.96596230107723
731,719,through,-93.27533635637448,44.99283087178359
732,720,through,-93.25138169718788,44.97775131604893
733,721,through,-93.25729740000271,44.97951910107734
734,722,through,-93.26489410000279,44.97903300107734
735,723,through,-93.26545332746896,44.98058900430982
736,724,through,-93.26515680000279,44.97915100107734
737,725,through,-93.27752134995697,44.98689420109438
738,726,through,-93.27823740000292,44.98692630107742
739,727,through,-93.25248110000265,44.9740170010773
740,728,through,-93.27911290000294,44.99203290107744
741,729,through,-93.28011870000296,44.99202130107745
742,730,through,-93.27133440000284,44.98371300107737
743,731,through,-93.27091710000286,44.98400930107738
744,732,through,-93.27710450000292,44.96768050107724
745,733,through,-93.25968710000274,44.967985101077254
746,734,through,-93.25968800000274,44.967535201077254
747,735,through,-93.28148740000297,44.992583701077436
748,736,through,-93.28089800000295,44.992012001077455
749,737,through,-93.27869142264493,44.98815929393767
750,738,through,-93.27368780000288,44.98204550107735
751,739,through,-93.2725195500103,44.98126210107998
752,740,through,-93.27310600000288,44.98246610107737
753,741,through,-93.28040460000294,44.97691980107732
754,742,through,-93.28020450000294,44.977261201077326
755,743,through,-93.24781800000261,44.977502301077315
756,744,through,-93.24765554204862,44.97713019724314
757,745,through,-93.2446854925413,44.97757613369097
758,746,through,-93.28673899007056,44.98084322854114
759,747,through,-93.28386164999952,44.97978605107803
760,748,through,-93.27017240000285,44.984537901077395
761,749,through,-93.27056300000285,44.98481810107737
762,750,through,-93.27073440000284,44.98413900107737
763,751,through,-93.283894100003,44.977942601077324
764,752,through,-93.2772845589063,44.978918587151654
765,753,through,-93.2756461000029,44.97902230107732
766,754,through,-93.27669790000292,44.985827601077396
767,755,through,-93.27639095004895,44.986527601094366
768,756,through,-93.27512000000289,44.986368501077386
769,757,through,-93.27795907087598,44.987526747672796
770,758,through,-93.27693230000291,44.98454930107739
771,759,through,-93.28863150000304,44.98444550107739
772,760,through,-93.28798190000303,44.9866605010774
773,761,through,-93.28452579994129,44.98895010109949
774,762,through,-93.28858980000304,44.984257701077375
775,763,through,-93.28857120000305,44.983849101077375
776,764,through,-93.28541374994771,44.984333101084694
777,765,through,-93.28543310000393,44.98988445107762
778,766,through,-93.285300400003,44.98401610107738
779,767,through,-93.27846630000293,44.98068770107735
780,768,through,-93.27956250000294,44.98014450107733
781,769,through,-93.28123420000296,44.98264210107735
782,770,through,-93.28204690000297,44.98320750107736
783,771,through,-93.28698345002918,44.986486051085066
784,772,through,-93.28799554999685,44.987138601078115
785,773,through,-93.28747970000303,44.98905830107743
786,774,through,-93.28761940000302,44.98680840107741
787,775,through,-93.28153950000288,44.97793365110562
788,776,through,-93.28810189999716,44.98173760107778
789,777,through,-93.28804220000305,44.98082530107735
790,778,through,-93.28706230000302,44.98528630107738
791,779,through,-93.28706070000301,44.985729601077395
792,780,through,-93.28691565000312,44.97122680107769
793,781,through,-93.28559545001544,44.9726181010862
794,782,through,-93.28694320000301,44.97191860107728
795,783,through,-93.2764942217474,44.96758796467934
796,784,through,-93.27142180000286,44.96997680107727
797,785,through,-93.27025780000282,44.970064101077256
798,786,through,-93.27175920000285,44.96983800107726
799,787,through,-93.28416174999425,44.975881251078064
800,789,through,-93.285556000003,44.97595530107731
801,790,through,-93.283805800003,44.9884345010774
802,791,through,-93.26023610000274,44.98528060107739
803,792,through,-93.25799260000271,44.98074880107736
804,793,through,-93.25837330000272,44.98088540107736
805,794,through,-93.25481680000269,44.97939790107734
806,796,through,-93.27084400000285,44.97234220107728
807,797,through,-93.26977530000285,44.97321840107729
808,798,through,-93.27006555004455,44.973268301086456
809,799,through,-93.27016520000284,44.97270740107729
810,800,through,-93.2655392000028,44.9882004010774
811,801,through,-93.24883000000263,44.97355630107729
812,802,through,-93.24840210000261,44.973316301077304
813,803,through,-93.25043160000263,44.97423440107728
814,804,through,-93.25184630000265,44.97478290107731
815,805,through,-93.25224650000266,44.9742987010773
816,806,through,-93.25113602108209,44.97430317072599
817,807,through,-93.25231590000266,44.974986401077295
818,808,through,-93.25510197863373,44.97560388533677
819,809,through,-93.25366570000267,44.9755590010773
820,810,through,-93.2559520000027,44.976532601077324
821,811,through,-93.26044110000274,44.97774540107733
822,812,through,-93.26110740000276,44.978698501077346
823,813,through,-93.26444970000854,44.98006785108172
824,814,through,-93.26545332746896,44.98058900430982
825,815,through,-93.27894884996647,44.98517320109053
826,816,through,-93.27833530000292,44.98476000107738
827,817,through,-93.28309354996411,44.98812060109139
828,818,through,-93.27778790000293,44.984364501077366
829,819,through,-93.27807010000292,44.98455620107738
830,820,through,-93.28100764996441,44.98663640109128
831,821,through,-93.28056836718868,44.98632590708885
832,822,through,-93.28310680000297,44.98631450107741
833,823,through,-93.28386700000299,44.98631520107739
834,824,through,-93.27533635637448,44.99283087178359
835,825,through,-93.27685250000292,44.992081301077455
836,826,through,-93.25044180521975,44.981357000322824
837,827,through,-93.24982419998369,44.98140305108631
838,828,through,-93.28165600000295,44.97932550107734
839,829,through,-93.28790090000302,44.96420420107722
840,830,through,-93.28760300000305,44.96703900107724
841,831,through,-93.28779569999615,44.968064251090965
842,832,through,-93.28673944998681,44.96993925111439
843,833,through,-93.28656419997071,44.97082580113026
844,834,through,-93.28711819993424,44.96932790109636
845,835,through,-93.25495140000268,44.973300901077295
846,837,through,-93.24379320000256,44.97626520107732
847,838,through,-93.24800410000262,44.976768701077326
848,839,through,-93.28580849998488,44.97109955108144
849,840,through,-93.28689030000301,44.96903720107726
850,841,through,-93.27253400000285,44.98287950107738
851,842,through,-93.27133440000284,44.98371300107737
852,843,through,-93.27260340000285,44.983740601077365
853,844,through,-93.2807193499456,44.97624750108852
854,845,through,-93.27277630000286,44.96627480107724
855,846,through,-93.27253770000287,44.96690020107723
856,847,through,-93.2722497500374,44.96717050108704
857,848,through,-93.2764942217474,44.96758796467934
858,849,through,-93.27196590000287,44.967465401077256
859,850,through,-93.27167730000285,44.96783620107725
860,851,through,-93.27064395000232,44.96804160113271
861,852,through,-93.27169670000286,44.96721070107725
862,853,through,-93.28048992909066,44.98435198897638
863,854,through,-93.28115010000296,44.98423050107739
864,855,through,-93.2801703000011,44.984286351077785
865,856,through,-93.286045100003,44.968463101077255
866,857,through,-93.286554843036,44.96801623174393
867,858,through,-93.25830350000271,44.97891440107733
868,859,through,-93.27002360000284,44.96991780107727
869,860,through,-93.27017730000284,44.97076240107725
870,861,through,-93.27017730000284,44.97076240107725
871,862,through,-93.28866160000302,44.96712830107724
872,863,through,-93.26937210000283,44.987871801077404
873,864,through,-93.26890040000283,44.98754280107742
874,865,through,-93.26830920000283,44.98798380107742
875,866,through,-93.27031780000284,44.9876746010774
876,867,through,-93.26956530000284,44.987056401077396
877,868,through,-93.28843880000304,44.98178400107736
878,869,through,-93.28860650000304,44.98284740107737
879,870,through,-93.28890640000304,44.981694101077345
880,871,through,-93.28810189999716,44.98173760107778
881,872,through,-93.27404810000287,44.96521780107723
882,873,through,-93.27340440000366,44.965848951077454
883,874,through,-93.28115190002455,44.983862701134825
884,875,through,-93.28216760000295,44.98423630107738
885,876,through,-93.2817119634582,44.98511781849427
886,877,through,-93.27961080000294,44.98361680107737
887,878,through,-93.28045150000295,44.98386050107737
888,879,through,-93.25474520000269,44.97495920107731
889,880,through,-93.26146495005126,44.979656851098476
890,881,through,-93.2749152000319,44.99193490108765
891,882,through,-93.27446638085465,44.991356545114805
892,883,through,-93.2726975999909,44.99019450107965
893,884,through,-93.2751132000029,44.99313580107746
894,885,through,-93.26966670001742,44.98943860108557
895,886,through,-93.27663460000309,44.96522745108236
896,887,through,-93.27595200000292,44.96430730107723
897,888,through,-93.25210635003153,44.97021785109706
898,889,through,-93.25032950000264,44.97019010107726
899,890,through,-93.28326170731225,44.97704270627903
900,891,through,-93.28326040000299,44.97758480107732
901,892,through,-93.28262280000298,44.976943901077334
902,893,through,-93.28086346429603,44.973932199715755
903,894,through,-93.27702300000291,44.969312701077264
904,895,through,-93.27914889998091,44.974700401081904
905,896,through,-93.25193490000264,44.97813030107732
906,897,through,-93.25480000000269,44.96949230107726
907,898,through,-93.2563319000027,44.96857170107724
908,899,through,-93.2561644000027,44.968771301077254
909,900,through,-93.2551995499424,44.96966495111269
910,901,through,-93.25970655001498,44.98101930108695
911,902,through,-93.26009465002085,44.981427751082144
912,903,through,-93.26533470000278,44.984491501077386
913,906,through,-93.26968320000285,44.98664500107739
914,907,through,-93.26137560000274,44.98203430107737
915,908,through,-93.25090030000264,44.98194300107737
916,909,through,-93.26413506312052,44.97008659634295
917,910,through,-93.265214750068,44.970992951091624
918,911,through,-93.26616674995093,44.96974520110806
919,912,through,-93.26366080000278,44.97063730107728
920,913,through,-93.26379800000277,44.970478001077275
921,914,through,-93.26695320000282,44.97112550107728
922,915,through,-93.26395990000277,44.971443101077284
923,916,through,-93.26663830469222,44.97149545359088
924,917,through,-93.2661364000028,44.966273601077226
925,918,through,-93.26180090000275,44.96680680107723
926,919,through,-93.2658179000028,44.96763560107725
927,920,through,-93.26179990000274,44.96798950107724
928,921,through,-93.26181120000274,44.96925960107727
929,922,through,-93.28058260000296,44.97707270107731
930,923,through,-93.25474920000269,44.977654401077324
931,924,through,-93.25117480000264,44.96898320107726
932,925,through,-93.25146930000265,44.96863990107726
933,926,through,-93.26217970000276,44.97132190107728
934,927,through,-93.27249969294823,44.97961704267046
935,928,through,-93.28570668876118,44.965941900937544
936,929,through,-93.25931520000273,44.98698200107741
937,930,through,-93.25154550000265,44.9740147010773
938,931,through,-93.25200880000264,44.97420270107729
939,932,through,-93.25043160000263,44.97423440107728
940,933,through,-93.24930810000262,44.97565210107731
941,934,through,-93.25176940000264,44.974897201077304
942,935,through,-93.24883000000263,44.97355630107729
943,936,through,-93.26408920000279,44.973435501077304
944,937,through,-93.26343309999875,44.97340250107974
945,938,through,-93.26320620000276,44.973979401077294
946,939,through,-93.25451515004487,44.975993801086176
947,940,through,-93.277218233459,44.978543060547516
948,941,through,-93.27020030000283,44.97930490107734
949,942,through,-93.26874615224499,44.97993741394776
950,943,through,-93.26841235366824,44.98030205650741
951,944,through,-93.26866680000283,44.98064450107735
952,945,through,-93.2702078796195,44.981282150144985
953,946,through,-93.2662534000028,44.97961960107735
954,947,through,-93.2759810788073,44.98620152518764
955,948,through,-93.27834610000292,44.9879007010774
956,950,through,-93.27255539129541,44.98044039852235
957,951,through,-93.27292260000287,44.980182301077356
958,952,through,-93.27231360000287,44.98140990107738
959,953,through,-93.27254130000287,44.98206670107737
960,954,through,-93.27289360000287,44.98181200107735
961,955,through,-93.27081260000286,44.98169010107735
962,956,through,-93.27030459997316,44.98212490108813
963,957,through,-93.27103810000285,44.982640001077385
964,958,through,-93.26983340000282,44.98351430107738
965,959,through,-93.27032952806304,44.98383566203635
966,960,through,-93.27112640000286,44.98441560107737
967,961,through,-93.25395779991686,44.975036851128834
968,962,through,-93.25242110863734,44.97574480494918
969,963,through,-93.25453410000267,44.97528070107731
970,964,through,-93.26082910000274,44.977301301077325
971,965,through,-93.26090797722803,44.97789625593505
972,966,through,-93.2660671000028,44.97887310107734
973,967,through,-93.27486824993693,44.98454715110004
974,968,through,-93.26178195000139,44.98518885110119
975,969,through,-93.26132750000275,44.98492940107739
976,970,through,-93.26184400000275,44.985680001077405
977,971,through,-93.26076020000276,44.985779501077396
978,972,through,-93.26097180000274,44.98607890107739
979,973,through,-93.26347885005796,44.98760095110892
980,974,through,-93.26386780000279,44.9874357010774
981,975,through,-93.26081405005081,44.98485695109254
982,976,through,-93.26053010000273,44.984989001077395
983,977,through,-93.27213160000274,44.96569900107749
984,978,through,-93.2746724500019,44.96558130107765
985,979,through,-93.27404910000288,44.96551390107723
986,980,through,-93.27404730000288,44.96627580107724
987,981,through,-93.2753050000029,44.965647001077215
988,982,through,-93.27530390000288,44.965220901077224
989,983,through,-93.27341710000289,44.96522100107724
990,984,through,-93.2759519000029,44.96593590107722
991,985,through,-93.24833117903977,44.97680315222679
992,986,through,-93.24694739995773,44.976986701132695
993,987,through,-93.24694155005157,44.977429001134595
994,988,through,-93.24731100000258,44.97732930107731
995,989,through,-93.24813860000262,44.97703010107732
996,990,through,-93.26436250000279,44.97879630107733
997,991,through,-93.26711260000282,44.979706201077356
998,992,through,-93.26953094222763,44.99419466536024
999,993,through,-93.2748059000029,44.99249710107745
1000,994,through,-93.28767940000303,44.989176301077414
1001,995,through,-93.28799340000303,44.99191800107744
1002,996,through,-93.26216900000276,44.97785200107734
1003,997,through,-93.28691565000312,44.97122680107769
1004,998,through,-93.285838800003,44.97126410107727
1005,999,through,-93.28697375000334,44.97262045107765
1006,1000,through,-93.28694350000303,44.97372550107729
1007,1001,through,-93.27265650000285,44.98546390107738
1008,1002,through,-93.28273440000298,44.98284310107737
1009,1003,through,-93.27923974997024,44.98537995108917
1010,1004,through,-93.27953034996018,44.98558650109282
1011,1005,through,-93.27983224996983,44.98580100108933
1012,1006,through,-93.28012249997231,44.98600730108841
1013,1007,through,-93.28034010008386,44.986681451106925
1014,1008,through,-93.28130614996921,44.986848851089555
1015,1009,through,-93.28085650000295,44.987167801077405
1016,1010,through,-93.28160284996356,44.987059951091595
1017,1011,through,-93.28119245008311,44.98729385110668
1018,1012,through,-93.28189079997115,44.98726480108886
1019,1013,through,-93.28219439997068,44.98748075108902
1020,1014,through,-93.27466900000289,44.987744801077405
1021,1015,through,-93.2720866936327,44.98827364530814
1022,1016,through,-93.28249159996676,44.98769230109043
1023,1017,through,-93.28221130000297,44.987863901077425
1024,1018,through,-93.28279284996695,44.98790660109039
1025,1019,through,-93.2753210000029,44.9882016010774
1026,1020,through,-93.2740850000029,44.98732730107739
1027,1021,through,-93.27372020000287,44.988672101077434
1028,1022,through,-93.2761337000029,44.988771101077425
1029,1024,through,-93.27322540008345,44.989031401105485
1030,1025,through,-93.28858980000304,44.984257701077375
1031,1026,through,-93.28749300000302,44.986336001077404
1032,1027,through,-93.27635080000292,44.992071401077446
1033,1028,through,-93.27776190000293,44.99204840107745
1034,1029,through,-93.27699400000292,44.99170530107743
1035,1030,through,-93.27508915000085,44.99251580107986
1036,1031,through,-93.26369700000278,44.98044940107736
1037,1032,through,-93.26493550000279,44.981642201077356
1038,1033,through,-93.27668824392455,44.98274796526883
1039,1034,through,-93.27589638992892,44.98333494338079
1040,1035,through,-93.27442664866312,44.98384968356035
1041,1036,through,-93.2751269000029,44.98393230107738
1042,1037,through,-93.2754003000029,44.98400860107738
1043,1038,through,-93.27552060000289,44.98229720107738
1044,1039,through,-93.26901514991847,44.98626965110322
1045,1040,through,-93.26896459992692,44.98651080109973
1046,1041,through,-93.27464779998415,44.98099585111247
1047,1042,through,-93.27925035000342,44.964946051105485
1048,1043,through,-93.27713708992758,44.98384308220412
1049,1044,through,-93.27987140000295,44.976258201077314
1050,1045,through,-93.28019324350431,44.975796049960884
1051,1046,through,-93.27926161044347,44.975898838161804
1052,1047,through,-93.27879525506239,44.97609478556871
1053,1048,through,-93.27801150000293,44.976221001077306
1054,1049,through,-93.27894480000293,44.97647240107732
1055,1050,through,-93.28057710000296,44.97674340107732
1056,1051,through,-93.27932475140811,44.977158909900616
1057,1052,through,-93.27997905000228,44.97710080107794
1058,1053,through,-93.27917469951866,44.97755803094572
1059,1054,through,-93.27882081136688,44.97826731099613
1060,1055,through,-93.28374920000223,44.976033201077676
1061,1056,through,-93.27655260000292,44.9754246010773
1062,1057,through,-93.27784675009049,44.97710815112587
1063,1058,through,-93.27677110000292,44.977259801077324
1064,1059,through,-93.2761339198683,44.97783379776437
1065,1061,through,-93.27249969294823,44.97961704267046
1066,1062,through,-93.27386080005469,44.979739001095396
1067,1063,through,-93.2741138000029,44.979830401077336
1068,1064,through,-93.25156930000264,44.97689380107733
1069,1065,through,-93.25059780000262,44.97688820107734
1070,1066,through,-93.25163080000264,44.97751900107733
1071,1067,through,-93.28216080000297,44.98442810107738
1072,1068,through,-93.25048630000263,44.974591201077295
1073,1069,through,-93.26183040000275,44.98106900107735
1074,1070,through,-93.28653020000301,44.96723690107724
1075,1071,through,-93.28172680000297,44.966505401077235
1076,1072,through,-93.27057126324013,44.97287880559934
1077,1073,through,-93.28270439996382,44.9775508511067
1078,1074,through,-93.2713077000051,44.97321135107779
1079,1075,through,-93.27922250000294,44.97100420107728
1080,1076,through,-93.28130130000295,44.98153780107735
1081,1077,through,-93.28131890000296,44.98203860107737
1082,1078,through,-93.28191150000298,44.98285180107735
1083,1079,through,-93.28226580000297,44.98284670107737
1084,1080,through,-93.28164410000296,44.98293140107735
1085,1081,through,-93.27024104406395,44.98001370576466
1086,1082,through,-93.27786160003097,44.97330470108452
1087,1083,through,-93.27869050000292,44.989936301077435
1088,1084,through,-93.27905553792517,44.99019243876529
1089,1085,through,-93.27842390000293,44.99013150107742
1090,1086,through,-93.27877513696815,44.9903879235084
1091,1087,through,-93.27949000000294,44.99049390107743
1092,1088,through,-93.27869919999007,44.990624651082086
1093,1090,through,-93.2802520499202,44.987694151107206
1094,1091,through,-93.286266300003,44.96555150107721
1095,1092,through,-93.28674014581253,44.966058072279196
1096,1093,through,-93.25999670000274,44.977179201077334
1097,1094,through,-93.2556213000496,44.97248900108723
1098,1095,through,-93.26318432574793,44.969501129528254
1099,1096,through,-93.26293612806597,44.969793744521354
1100,1097,through,-93.26383890000277,44.96939320107725
1101,1098,through,-93.26348779995074,44.96996095110498
1102,1099,through,-93.26437980000279,44.97094570107727
1103,1100,through,-93.28071790000295,44.97045930107727
1104,1101,through,-93.28030070000295,44.96987040107726
1105,1102,through,-93.25874810000273,44.9726657010773
1106,1103,through,-93.27434670000288,44.97450430107728
1107,1104,through,-93.27327600000288,44.9740771010773
1108,1105,through,-93.27388870000287,44.97499720107731
1109,1106,through,-93.27331070000287,44.97339840107728
1110,1107,through,-93.26581768105963,44.969450976409455
1111,1108,through,-93.25949490000272,44.97017930107727
1112,1109,through,-93.2487970500283,44.97625425108289
1113,1110,through,-93.25577974992414,44.97146420112486
1114,1111,through,-93.25551620000269,44.97195580107729
1115,1112,through,-93.2864371042162,44.965775388569924
1116,1113,through,-93.28758194999129,44.96868295109121
1117,1114,through,-93.27705360000292,44.97800230107733
1118,1115,through,-93.2652894000473,44.98228160108675
1119,1116,through,-93.26525665004361,44.98185590108537
1120,1117,through,-93.27540001814202,44.99233468662782
1121,1118,through,-93.2766315000029,44.98842560107741
1122,1119,through,-93.285990000003,44.98057290107734
1123,1120,through,-93.28598910000301,44.98035530107736
1124,1121,through,-93.28673899007056,44.98084322854114
1125,1122,through,-93.28711310000303,44.98056390107735
1126,1123,through,-93.28673296198095,44.9802616913342
1127,1124,through,-93.25577880000269,44.96913270107726
1128,1125,through,-93.2561644000027,44.968771301077254
1129,1126,through,-93.25817640000277,44.96735210107729
1130,1127,through,-93.25893530000273,44.966905001077244
1131,1128,through,-93.2664290000028,44.96970600107728
1132,1129,through,-93.26698530000282,44.96762650107724
1133,1131,through,-93.2666066000028,44.96717320107724
1134,1132,through,-93.26397892909164,44.96798049584506
1135,1133,through,-93.2638651360941,44.96724284454629
1136,1134,through,-93.28160700000295,44.990228801077436
1137,1135,through,-93.2560169000027,44.972028601077284
1138,1136,through,-93.27827980000293,44.990786901077435
1139,1137,through,-93.285074100003,44.96583380107722
1140,1138,through,-93.27275100000286,44.97182100107729
1141,1139,through,-93.28593510030377,44.96708115650292
1142,1140,through,-93.284898500003,44.96667570107725
1143,1141,through,-93.26511664995179,44.970527701111415
1144,1142,through,-93.26388630000278,44.972055701077274
1145,1143,through,-93.26358715005276,44.97239550108789
1146,1144,through,-93.26388880000277,44.97313160107728
1147,1145,through,-93.28330979999285,44.96591175108528
1148,1146,through,-93.28368965000084,44.966030101079
1149,1147,through,-93.28330979999285,44.96591175108528
1150,1148,through,-93.2827667499771,44.966799901099954
1151,1149,through,-93.28351700000297,44.96701850107724
1152,1150,through,-93.28383510000299,44.96711120107723
1153,1151,through,-93.284304000003,44.967247901077236
1154,1152,through,-93.28482440006538,44.967488251087794
1155,1153,through,-93.25485484697144,44.97007791666916
1156,1154,through,-93.25996745004474,44.978310051086574
1157,1155,through,-93.26149790000275,44.97781620107732
1158,1156,through,-93.28809866086107,44.96712436287351
1159,1157,through,-93.25765127065901,44.975459906698454
1160,1158,through,-93.26541540000278,44.96946590107726
1161,1159,through,-93.26818310000283,44.96977850107726
1162,1160,through,-93.25849240000272,44.967581201077245
1163,1161,through,-93.25849260000273,44.96778690107726
1164,1162,through,-93.28011870000296,44.992255901077456
1165,1163,through,-93.27932920000295,44.964206301077205
1166,1164,through,-93.28083000000294,44.96726030107726
1167,1165,through,-93.2662475000028,44.973058901077295
1168,1166,through,-93.2659708000028,44.971980701077285
1169,1167,through,-93.2657696000028,44.97227580107728
1170,1168,through,-93.25922570000272,44.97136590107729
1171,1169,through,-93.25876790000271,44.96987010107727
1172,1170,through,-93.25863370000233,44.97111820107751
1173,1171,through,-93.25807410000272,44.96957830107726
1174,1172,through,-93.25848434700816,44.97035553885975
1175,1173,through,-93.2571974000027,44.96786200107725
1176,1174,through,-93.27874980000293,44.97269950107729
1177,1175,through,-93.28385100000298,44.979518101077346
1178,1176,through,-93.28483680000298,44.97925190107735
1179,1177,through,-93.28569294996385,44.979203051134625
1180,1178,through,-93.27933530000294,44.96937740107725
1181,1179,through,-93.27769490000291,44.97224970107728
1182,1180,through,-93.26684454995124,44.966684151099244
1183,1181,through,-93.2676540000028,44.966267001077256
1184,1182,through,-93.2667963000028,44.96645550107724
1185,1183,through,-93.28556680000301,44.9739918010773
1186,1184,through,-93.28476140000299,44.9865002010774
1187,1185,through,-93.28387714999664,44.98658725107811
1188,1186,through,-93.28465910000298,44.98668100107739
1189,1187,through,-93.28429590000299,44.986931601077394
1190,1188,through,-93.28447380000264,44.98708035107748
1191,1190,through,-93.28238780000295,44.986145801077384
1192,1191,through,-93.28282100000297,44.9863123010774
1193,1192,through,-93.27810060000293,44.96475250107723
1194,1193,through,-93.27855324735522,44.96472281074561
1195,1194,through,-93.28091736592715,44.986073119205145
1196,1195,through,-93.28196285006052,44.98691405109854
1197,1196,through,-93.28155350000296,44.986302901077394
1198,1197,through,-93.285321900003,44.98114220107736
1199,1198,through,-93.28674190000301,44.98115160107735
1200,1199,through,-93.28677230000302,44.98171990107736
1201,1200,through,-93.26873980001395,44.979374901079666
1202,1201,through,-93.27008410000285,44.977280501077324
1203,1202,through,-93.27405979994843,44.97765810111087
1204,1203,through,-93.26777100000281,44.97237910107729
1205,1204,through,-93.25804720000271,44.97665910107731
1206,1205,through,-93.28029930000294,44.970066001077264
1207,1206,through,-93.25802590005135,44.96998435108751
1208,1207,through,-93.28476000000299,44.98761050107742
1209,1208,through,-93.27068840005569,44.98341665109653
1210,1209,through,-93.27133440000284,44.98371300107737
1211,1210,through,-93.25559040000269,44.975452701077316
1212,1211,through,-93.27469770000289,44.99109030107744
1213,1212,through,-93.27529970000289,44.96396230107721
1214,1213,through,-93.27404810000287,44.96521780107723
1215,1214,through,-93.2572803000027,44.96924280107726
1216,1215,through,-93.26892230000283,44.98449950107738
1217,1216,through,-93.28711840000301,44.980825301077346
1218,1217,through,-93.28769980000304,44.98082530107736
1219,1218,through,-93.28804310000302,44.980561501077354
1220,1219,through,-93.28804510000303,44.98025040107735
1221,1220,through,-93.28769770000302,44.98056240107735
1222,1221,through,-93.28710670000302,44.98025170107735
1223,1222,through,-93.28805020000303,44.97944560107734
1224,1223,through,-93.28769510000302,44.980250901077355
1225,1224,through,-93.28710040000301,44.97993740107735
1226,1225,through,-93.28769260000304,44.97993640107734
1227,1226,through,-93.27574549999302,44.97048890108314
1228,1227,through,-93.2760997000029,44.97063410107728
1229,1228,through,-93.27259480000286,44.97097920107727
1230,1229,through,-93.28190670000295,44.9730787010773
1231,1230,through,-93.27117360000284,44.973811001077294
1232,1231,through,-93.27033130000282,44.973452001077284
1233,1232,through,-93.27100595006246,44.97364615108872
1234,1233,through,-93.27065625004266,44.97254495109224
1235,1234,through,-93.27065625004266,44.97254495109224
1236,1235,through,-93.27085140000284,44.97273770107729
1237,1236,through,-93.28083000000295,44.967732601077245
1238,1237,through,-93.2578537000027,44.96676720107723
1239,1238,through,-93.2561207000027,44.97502290107731
1240,1239,through,-93.2559869000027,44.974869001077295
1241,1240,through,-93.26347369995095,44.97904485110919
1242,1241,through,-93.26313580000276,44.97890510107734
1243,1242,through,-93.26955900000283,44.97387940107729
1244,1243,through,-93.26757130000281,44.972070601077284
1245,1244,through,-93.26220650000278,44.96854240107725
1246,1245,through,-93.26511400000278,44.96627800107724
1247,1246,through,-93.26420200000277,44.96628520107723
1248,1247,through,-93.27077544071206,44.96765588984051
1249,1248,through,-93.27158310000284,44.96751760107723
1250,1249,through,-93.27142015002401,44.96773805108078
1251,1251,through,-93.27354500000287,44.97087000107727
1252,1252,through,-93.27685350000291,44.967225501077245
1253,1253,through,-93.28204840000296,44.966590601077236
1254,1254,through,-93.28860260000303,44.966377301077245
1255,1255,through,-93.27740340000291,44.970495101077255
1256,1256,through,-93.27448710000289,44.97653420107732
1257,1257,through,-93.27521920000288,44.97684690107733
1258,1258,through,-93.27092980000286,44.98027230107734
1259,1259,through,-93.28249330000297,44.96563130107722
1260,1260,through,-93.26938660000283,44.97305400107729
1261,1261,through,-93.26467320000279,44.9742795010773
1262,1263,through,-93.27968400000294,44.968804401077264
1263,1264,through,-93.25907590000273,44.97154250107728
1264,1265,through,-93.28183400000296,44.96706160107724
1265,1266,through,-93.28442160000299,44.966296001077225
