id,name,geometry
392,1312,"POLYGON ((-93.2625333995241 44.968885468014456, -93.26254246203318 44.96806112356723, -93.26255232448425 44.96716478293566, -93.26254810335354 44.96628836351509, -93.26254110714507 44.96606949644563, -93.26253266993417 44.96580546794114, -93.2625302176052 44.96572874969415, -93.26765337902073 44.96573020964186, -93.2682828631913 44.965721365419036, -93.26919434722181 44.96581872128923, -93.26938068164814 44.96587489358479, -93.2698081093594 44.96600374536929, -93.26973019039912 44.967931247752595, -93.26970721398287 44.96831846265599, -93.26937897570804 44.96969189824418, -93.26926550041911 44.97008461592491, -93.26918415419634 44.97001504238771, -93.2689952995429 44.96989893160073, -93.26876887981882 44.969856899740236, -93.26794726300392 44.96987945388409, -93.26733852857046 44.96959959756067, -93.26651098813775 44.969249835343746, -93.26614473939635 44.96914717031895, -93.26582803399585 44.96907298088561, -93.26510870289124 44.968942530955225, -93.26300610690613 44.96893689251326, -93.2625333995241 44.968885468014456))"
393,1313,"POLYGON ((-93.26295467107607 44.970365321903344, -93.26282500849793 44.97004693969113, -93.26262634746675 44.969731585832676, -93.26256338399874 44.96951284758505, -93.2625333995241 44.968885468014456, -93.26300610690613 44.96893689251326, -93.26510870289124 44.968942530955225, -93.26582803399585 44.96907298088561, -93.26614473939635 44.96914717031895, -93.26651098813775 44.969249835343746, -93.26733852857046 44.96959959756067, -93.26794726300392 44.96987945388409, -93.26876887981882 44.969856899740236, -93.2689952995429 44.96989893160073, -93.26918415419634 44.97001504238771, -93.26926550041911 44.97008461592491, -93.26935500059751 44.97016116470627, -93.26943404314144 44.97024024063737, -93.2696427405505 44.97043040269058, -93.26979198663624 44.970551920736845, -93.27012454067325 44.970743112530954, -93.27137728444981 44.97125031681177, -93.2705378557309 44.972247028050944, -93.26982487469922 44.97318028005221, -93.26976929300776 44.97315558032517, -93.26295467107607 44.970365321903344))"
394,1314,"POLYGON ((-93.25351923945524 44.968239687566204, -93.25373258261305 44.96760514327849, -93.25388277097494 44.967306779205025, -93.25402637721666 44.96712004149599, -93.25422221431562 44.96686793739963, -93.25445768483526 44.966671672156515, -93.25478818956192 44.96642167587177, -93.25505327052497 44.96622432969879, -93.25527288478091 44.96611205243432, -93.25551308246064 44.9659892503902, -93.2557496572849 44.9658720839897, -93.25637927437886 44.965875810633, -93.2569291753906 44.96585402511821, -93.25740670736518 44.9658324000903, -93.25790592449304 44.96580558576614, -93.25831108967327 44.96578412035662, -93.2587116810464 44.965768644787026, -93.2625302176052 44.96572874969415, -93.26253266993417 44.96580546794114, -93.26254110714507 44.96606949644563, -93.26254810335354 44.96628836351509, -93.26255232448425 44.96716478293566, -93.26254246203318 44.96806112356723, -93.2625333995241 44.968885468014456, -93.26256338399874 44.96951284758505, -93.26262634746675 44.969731585832676, -93.26282500849793 44.97004693969113, -93.26295467107607 44.970365321903344, -93.26215547771726 44.97131758393402, -93.2613104790685 44.9722910186416, -93.25999195448064 44.971685896142176, -93.25861823528992 44.9711237903589, -93.25726482667119 44.97054433845608, -93.25590542650514 44.96995968614069, -93.25492689758272 44.96954418835336, -93.25456175221389 44.969389137238146, -93.25425977751694 44.96921549748134, -93.25399931495595 44.968991313929294, -93.2539035117896 44.9688848859515, -93.25377837780495 44.96873934647072, -93.25369132709224 44.96855621822397, -93.25358286405317 44.9684128325684, -93.25351923945524 44.968239687566204))"
395,1315,"POLYGON ((-93.2613104790685 44.9722910186416, -93.26215547771726 44.97131758393402, -93.26295467107607 44.970365321903344, -93.26976929300776 44.97315558032517, -93.26982487469922 44.97318028005221, -93.26978286852317 44.97323526249551, -93.26897604897025 44.97418883926364, -93.26818368727933 44.97515845913557, -93.2667837843713 44.97458286821857, -93.2654106608518 44.97400994165163, -93.2640454908134 44.973436980128774, -93.2626771825422 44.972864009447136, -93.2613104790685 44.9722910186416))"
396,1316,"POLYGON ((-93.26004048695701 44.973860193488, -93.26054763978746 44.97324393487696, -93.2613104790685 44.9722910186416, -93.2626771825422 44.972864009447136, -93.2640454908134 44.973436980128774, -93.2654106608518 44.97400994165163, -93.2667837843713 44.97458286821857, -93.26818368727933 44.97515845913557, -93.2673597784648 44.97614410408528, -93.26653340767996 44.977098268801704, -93.26516175137921 44.976499563448286, -93.26380918710123 44.975954301536284, -93.26243336605388 44.97536845292558, -93.26107473473061 44.97478259339506, -93.2604756051763 44.97453526409531, -93.2603486945111 44.97442277863196, -93.26026665639318 44.97438482968593, -93.26015764323263 44.974264966615124, -93.2600920715313 44.974157322805105, -93.26006186809795 44.974072124947, -93.26005086922491 44.97397651848567, -93.26004048695701 44.973860193488))"
397,1317,"POLYGON ((-93.2572510814998 44.97714850140872, -93.25727641083091 44.977117677441555, -93.2580909546956 44.97614808885087, -93.25893839826743 44.97517533922433, -93.25980145166658 44.9741764635329, -93.26004048695701 44.973860193488, -93.26005086922491 44.97397651848567, -93.26006186809795 44.974072124947, -93.2600920715313 44.974157322805105, -93.26015764323263 44.974264966615124, -93.26026665639318 44.97438482968593, -93.2603486945111 44.97442277863196, -93.2604756051763 44.97453526409531, -93.26107473473061 44.97478259339506, -93.26243336605388 44.97536845292558, -93.26380918710123 44.975954301536284, -93.26516175137921 44.976499563448286, -93.26653340767996 44.977098268801704, -93.26570670325574 44.978042133512076, -93.2648939048714 44.9790117324404, -93.26409826284505 44.9799559362315, -93.26404710134942 44.98002581070681, -93.26132634039672 44.97886404294362, -93.2572510814998 44.97714850140872))"
398,1318,"POLYGON ((-93.24951998276283 44.97385080098918, -93.2499835198206 44.97343927052443, -93.25037563304387 44.97301896840197, -93.2511334642279 44.972150452547496, -93.25144701934575 44.97178624321887, -93.25145629923419 44.97177508734812, -93.25230912732498 44.970749712768004, -93.25251795082751 44.9704603004896, -93.25271376492594 44.970198880334806, -93.25283111946149 44.970012200509665, -93.25296135997759 44.969769566348646, -93.25309102552117 44.96939643886994, -93.25351923945524 44.968239687566204, -93.25358286405317 44.9684128325684, -93.25369132709224 44.96855621822397, -93.25377837780495 44.96873934647072, -93.2539035117896 44.9688848859515, -93.25399931495595 44.968991313929294, -93.25425977751694 44.96921549748134, -93.25456175221389 44.969389137238146, -93.25492689758272 44.96954418835336, -93.25590542650514 44.96995968614069, -93.25726482667119 44.97054433845608, -93.25861823528992 44.9711237903589, -93.25999195448064 44.971685896142176, -93.2613104790685 44.9722910186416, -93.26054763978746 44.97324393487696, -93.26004048695701 44.973860193488, -93.25980145166658 44.9741764635329, -93.25893839826743 44.97517533922433, -93.2580909546956 44.97614808885087, -93.25727641083091 44.977117677441555, -93.2572510814998 44.97714850140872, -93.25040354715081 44.974265380989166, -93.25013147818167 44.974111942723844, -93.24966365061704 44.9739109370261, -93.24963118724028 44.973896988324, -93.24960878828357 44.97388768603697, -93.24951998276283 44.97385080098918))"
399,1319,"POLYGON ((-93.24504088675654 44.97878633451898, -93.24531932166417 44.97812549513809, -93.24549983286039 44.97769706036098, -93.24550178871381 44.977692337327994, -93.24552753357345 44.977630152239605, -93.2456144813274 44.9773915266984, -93.2457839250752 44.97709288932145, -93.24599272463249 44.97678484808128, -93.24621481306009 44.97651406212912, -93.24669886006411 44.976084252186226, -93.24727442386829 44.97556103209522, -93.2477064491018 44.97525250410015, -93.24849181965911 44.97466357628804, -93.24925099035616 44.97409334147301, -93.24951998276283 44.97385080098918, -93.24960878828357 44.97388768603697, -93.24963118724028 44.973896988324, -93.24966365061704 44.9739109370261, -93.25013147818167 44.974111942723844, -93.25040354715081 44.974265380989166, -93.2572510814998 44.97714850140872, -93.26132634039672 44.97886404294362, -93.26404710134942 44.98002581070681, -93.26400154118711 44.98008803854955, -93.26324381516686 44.9809869767357, -93.26243216265344 44.98197624768, -93.26187693658457 44.982306617456246, -93.26177448007329 44.98236842391681, -93.26168588444574 44.98242186811654, -93.26105055933112 44.98269788171756, -93.25997287000614 44.98303701128697, -93.2576505353607 44.9821837793462, -93.2514688981689 44.97952958848324, -93.24858740559273 44.979318398729376, -93.24539844190214 44.97886130207929, -93.24504088675654 44.97878633451898))"
401,1320,"POLYGON ((-93.25997287000614 44.98303701128697, -93.26105055933112 44.98269788171756, -93.26168588444574 44.98242186811654, -93.26177448007329 44.98236842391681, -93.26187693658457 44.982306617456246, -93.26243216265344 44.98197624768, -93.26324381516686 44.9809869767357, -93.26400154118711 44.98008803854955, -93.26404710134942 44.98002581070681, -93.26540673659517 44.980603924526626, -93.26689279509473 44.98124543897402, -93.26813687039812 44.98178245678583, -93.26899455701945 44.98214767642443, -93.26788935609554 44.98297460839242, -93.2667196597311 44.983784146185045, -93.26549731323514 44.9845987507666, -93.26516969641904 44.984757967861974, -93.26468481435528 44.984992117160544, -93.26386193566556 44.98532680721411, -93.26350690722792 44.98507037998896, -93.26047465513676 44.98322136039863, -93.25997287000614 44.98303701128697))"
402,1321,"POLYGON ((-93.26386193566556 44.98532680721411, -93.26468481435528 44.984992117160544, -93.26516969641904 44.984757967861974, -93.26549731323514 44.9845987507666, -93.2667196597311 44.983784146185045, -93.26788935609554 44.98297460839242, -93.26899455701945 44.98214767642443, -93.27020290542518 44.9829045997115, -93.2713113441686 44.98374069823139, -93.27178184812259 44.98407249871905, -93.27242454306248 44.984525719048094, -93.27382246877734 44.98547424035975, -93.27317620647709 44.98571668200064, -93.27256761822257 44.985943184835214, -93.27221937446333 44.98605401925357, -93.27165568408515 44.98623342001631, -93.2709952992824 44.9864060259557, -93.27058730410799 44.98651262580909, -93.26731755879153 44.98736686555098, -93.2672278140482 44.98739030960318, -93.26619803876787 44.98765931976505, -93.26518789675 44.98628447445201, -93.26487447934697 44.98605811682258, -93.26405355372475 44.98546520501318, -93.26386193566556 44.98532680721411))"
403,1322,"POLYGON ((-93.26822263775307 44.98977985369446, -93.2673269572443 44.989324447997916, -93.2664215985129 44.98796358095215, -93.26619803876787 44.98765931976505, -93.2672278140482 44.98739030960318, -93.26731755879153 44.98736686555098, -93.27058730410799 44.98651262580909, -93.2709952992824 44.9864060259557, -93.27165568408515 44.98623342001631, -93.27221937446333 44.98605401925357, -93.27256761822257 44.985943184835214, -93.27317620647709 44.98571668200064, -93.27382246877734 44.98547424035975, -93.2739684644215 44.98557329875513, -93.27475136515264 44.986104488199906, -93.27587421102146 44.98689845380348, -93.27663871331744 44.98744122232502, -93.27820644268238 44.988609350400566, -93.27858565804245 44.98889189723616, -93.27971239857592 44.98962570923789, -93.28058333714581 44.9903138669923, -93.28094276562592 44.99091535730811, -93.28143092762228 44.991979994149474, -93.2798146975675 44.99199296924168, -93.27879848110625 44.99200040561309, -93.27796734588043 44.99200648062497, -93.27743343419445 44.992025782753366, -93.27688693943576 44.99206761774214, -93.27547119485924 44.99230509360142, -93.27521315180128 44.99238444848465, -93.27475675343692 44.992524801995096, -93.27330155365586 44.99297985788629, -93.27283833180147 44.99245787182519, -93.27167251610571 44.9917700042224, -93.27107609078558 44.99141808268468, -93.26894502389429 44.9901471372536, -93.26822263775307 44.98977985369446))"
404,1323,"POLYGON ((-93.28143092762228 44.991979994149474, -93.28094276562592 44.99091535730811, -93.28058333714581 44.9903138669923, -93.27971239857592 44.98962570923789, -93.27858565804245 44.98889189723616, -93.27820644268238 44.988609350400566, -93.27663871331744 44.98744122232502, -93.27587421102146 44.98689845380348, -93.27475136515264 44.986104488199906, -93.2739684644215 44.98557329875513, -93.27382246877734 44.98547424035975, -93.27242454306248 44.984525719048094, -93.27178184812259 44.98407249871905, -93.2732970739673 44.98302720560999, -93.27424319052739 44.982443144909595, -93.27424381408859 44.98244357370565, -93.27438227322789 44.982538321582325, -93.27479542379078 44.98282102841929, -93.27613572869568 44.98373813729088, -93.27717252142511 44.98437947956457, -93.27719048315781 44.98438696520308, -93.27719920723234 44.98439164304712, -93.27737908209323 44.98448144187625, -93.27781561318812 44.98472624390163, -93.27808176695225 44.9848741175363, -93.27809486248364 44.98488198756139, -93.27810497503873 44.984887322698015, -93.2782494597177 44.984959683125275, -93.2784121156443 44.98506431967539, -93.27841762014769 44.98506786202677, -93.27842845307319 44.98507525682505, -93.27930511830266 44.985716721405076, -93.28024920644651 44.986400551561104, -93.28025315506959 44.98640337748524, -93.28071770515592 44.986712427494865, -93.28072808926673 44.98671974575932, -93.28152747943533 44.98727931766817, -93.28177890764591 44.98745531219447, -93.28251794906045 44.98800710786852, -93.28251933688264 44.988008152261855, -93.28287499323983 44.98833932846117, -93.28309100631505 44.988503201142436, -93.28311429688976 44.988523869486094, -93.28311554297116 44.988524977237084, -93.28317057235463 44.98858738451955, -93.28326149863604 44.98872029419692, -93.28367217198866 44.989148995293945, -93.28380103390172 44.989384995975755, -93.28382060329307 44.989409292200584, -93.2838909137888 44.989594737520356, -93.28410913421709 44.98992244351585, -93.28412443344916 44.98995177879437, -93.28418984237817 44.99030430135462, -93.28431734778026 44.99063445789107, -93.28459762692394 44.991303190943086, -93.28474945427148 44.991892767245474, -93.28474080181851 44.99189983373637, -93.28469237083057 44.991999665360204, -93.28403328287318 44.99200777522941, -93.28370762434058 44.992011780377204, -93.28293364218668 44.992021294502884, -93.28143092762228 44.991979994149474))"
405,1324,"POLYGON ((-93.27424319052739 44.982443144909595, -93.27538997792362 44.981735179388, -93.27646193343737 44.980976484571265, -93.27694191317282 44.980669971667204, -93.27774620172231 44.98022639863525, -93.27780671334367 44.98026968770423, -93.27816208730995 44.9805239129802, -93.27850083947475 44.98076624828014, -93.27966745656333 44.98162103363076, -93.28070991708971 44.98228410587809, -93.28157557057008 44.982859255813004, -93.28348711229599 44.98419616534415, -93.28359847537922 44.984288594559054, -93.28362843149692 44.984306718512876, -93.28381144594387 44.984417454157686, -93.28548864006471 44.985619054533444, -93.28577320283283 44.9857607716804, -93.28605345755686 44.98595774926835, -93.28606815109848 44.985965805216374, -93.28608404035931 44.98597606364475, -93.28641968859125 44.9861744138802, -93.28675662458798 44.986374129985364, -93.28676665581503 44.98637973101548, -93.28693045036782 44.986471204302276, -93.28747456789077 44.986842943302726, -93.28768524076358 44.98700536246364, -93.28864616304946 44.98774617278593, -93.28864998165369 44.988507018384794, -93.28844340637204 44.98925379070338, -93.28795564969415 44.989852021449906, -93.28718719840383 44.9904012079118, -93.28627876463972 44.991000488457104, -93.28522959883242 44.99150061303352, -93.28474945427148 44.991892767245474, -93.28459762692394 44.991303190943086, -93.28431734778026 44.99063445789107, -93.28418984237817 44.99030430135462, -93.28412443344916 44.98995177879437, -93.28410913421709 44.98992244351585, -93.2838909137888 44.989594737520356, -93.28382060329307 44.989409292200584, -93.28380103390172 44.989384995975755, -93.28367217198866 44.989148995293945, -93.28326149863604 44.98872029419692, -93.28317057235463 44.98858738451955, -93.28311554297116 44.988524977237084, -93.28311429688976 44.988523869486094, -93.28309100631505 44.988503201142436, -93.28287499323983 44.98833932846117, -93.28251933688264 44.988008152261855, -93.28251794906045 44.98800710786852, -93.28177890764591 44.98745531219447, -93.28152747943533 44.98727931766817, -93.28072808926673 44.98671974575932, -93.28071770515592 44.986712427494865, -93.28025315506959 44.98640337748524, -93.28024920644651 44.986400551561104, -93.27930511830266 44.985716721405076, -93.27842845307319 44.98507525682505, -93.27841762014769 44.98506786202677, -93.2784121156443 44.98506431967539, -93.2782494597177 44.984959683125275, -93.27810497503873 44.984887322698015, -93.27809486248364 44.98488198756139, -93.27808176695225 44.9848741175363, -93.27781561318812 44.98472624390163, -93.27737908209323 44.98448144187625, -93.27719920723234 44.98439164304712, -93.27719048315781 44.98438696520308, -93.27717252142511 44.98437947956457, -93.27613572869568 44.98373813729088, -93.27479542379078 44.98282102841929, -93.27438227322789 44.982538321582325, -93.27424381408859 44.98244357370565, -93.27424319052739 44.982443144909595))"
406,1325,"POLYGON ((-93.26899455701945 44.98214767642443, -93.26906185845432 44.98209731758274, -93.27019510866815 44.981295462850895, -93.27138073334032 44.98046832264903, -93.27252113756715 44.979646427054846, -93.2736940052581 44.97879500394968, -93.27482437204146 44.97798905164409, -93.27602741334694 44.97876031536113, -93.2763215728595 44.97880054313366, -93.27650671180425 44.97882946843473, -93.27667441671016 44.97889534551017, -93.27680739710182 44.97896529617662, -93.27695185760871 44.97908454958915, -93.27708470580939 44.979224328453114, -93.27716009167757 44.9793188587461, -93.27722800639904 44.97944057503733, -93.27743223310772 44.97988964594201, -93.2775665536011 44.98009787874251, -93.27768994371381 44.98018615265555, -93.27774620172231 44.98022639863525, -93.27694191317282 44.980669971667204, -93.27646193343737 44.980976484571265, -93.27538997792362 44.981735179388, -93.27424319052739 44.982443144909595, -93.2732970739673 44.98302720560999, -93.27178184812259 44.98407249871905, -93.2713113441686 44.98374069823139, -93.27020290542518 44.9829045997115, -93.26899455701945 44.98214767642443))"
407,1326,"POLYGON ((-93.26689279509473 44.98124543897402, -93.2668980689202 44.98123886062211, -93.2692568637379 44.978231860008336, -93.27058515712586 44.978810765817805, -93.27252113756715 44.979646427054846, -93.27138073334032 44.98046832264903, -93.27019510866815 44.981295462850895, -93.26906185845432 44.98209731758274, -93.26899455701945 44.98214767642443, -93.26813687039812 44.98178245678583, -93.26689279509473 44.98124543897402))"
408,1327,"POLYGON ((-93.26404710134942 44.98002581070681, -93.26409826284505 44.9799559362315, -93.2648939048714 44.9790117324404, -93.26570670325574 44.978042133512076, -93.26653340767996 44.977098268801704, -93.26788198025908 44.977645466529644, -93.2692568637379 44.978231860008336, -93.2668980689202 44.98123886062211, -93.26689279509473 44.98124543897402, -93.26540673659517 44.980603924526626, -93.26404710134942 44.98002581070681))"
409,1328,"POLYGON ((-93.26653340767996 44.977098268801704, -93.2673597784648 44.97614410408528, -93.26818368727933 44.97515845913557, -93.2695126513671 44.975724209883, -93.27077126429572 44.97625035385105, -93.27075352480666 44.976270511698154, -93.2692568637379 44.978231860008336, -93.26788198025908 44.977645466529644, -93.26653340767996 44.977098268801704))"
410,1329,"POLYGON ((-93.2692568637379 44.978231860008336, -93.27075352480666 44.976270511698154, -93.27077126429572 44.97625035385105, -93.27088307902586 44.97629709515132, -93.27224162644154 44.97686548945527, -93.27362618125774 44.97746766341435, -93.27371979493046 44.97750839981586, -93.27482437204146 44.97798905164409, -93.2736940052581 44.97879500394968, -93.27252113756715 44.979646427054846, -93.27058515712586 44.978810765817805, -93.2692568637379 44.978231860008336))"
412,1330,"POLYGON ((-93.27077126429572 44.97625035385105, -93.2695126513671 44.975724209883, -93.26818368727933 44.97515845913557, -93.26897604897025 44.97418883926364, -93.26978286852317 44.97323526249551, -93.26982487469922 44.97318028005221, -93.2753036103452 44.97561460891973, -93.27452457810435 44.97654255951579, -93.27371979493046 44.97750839981586, -93.27362618125774 44.97746766341435, -93.27224162644154 44.97686548945527, -93.27088307902586 44.97629709515132, -93.27077126429572 44.97625035385105))"
413,1331,"POLYGON ((-93.26982487469922 44.97318028005221, -93.2705378557309 44.972247028050944, -93.27137728444981 44.97125031681177, -93.27217053206546 44.97029872276538, -93.27354281852347 44.97086706944713, -93.27492631339813 44.97142186244124, -93.27501980840499 44.971461928359396, -93.27636769921375 44.97203952674559, -93.27785006115342 44.97265256492072, -93.27738366959994 44.97309383375895, -93.27699430669665 44.97357934397563, -93.2761633846743 44.97461396300234, -93.2753036103452 44.97561460891973, -93.26982487469922 44.97318028005221))"
414,1332,"POLYGON ((-93.27371979493046 44.97750839981586, -93.27452457810435 44.97654255951579, -93.2753036103452 44.97561460891973, -93.2761633846743 44.97461396300234, -93.27699430669665 44.97357934397563, -93.27738366959994 44.97309383375895, -93.27785006115342 44.97265256492072, -93.2788633420231 44.972944128361846, -93.27956313371988 44.97384114526256, -93.28039470845088 44.974757307313794, -93.27906420177742 44.97531868810636, -93.27797382205334 44.975785724467606, -93.27762973884502 44.97594331985944, -93.27693782595261 44.976453610775565, -93.27592406966815 44.97715066325167, -93.27482437204146 44.97798905164409, -93.27371979493046 44.97750839981586))"
415,1333,"POLYGON ((-93.27482437204146 44.97798905164409, -93.27592406966815 44.97715066325167, -93.27693782595261 44.976453610775565, -93.27762973884502 44.97594331985944, -93.27797382205334 44.975785724467606, -93.27906420177742 44.97531868810636, -93.28039470845088 44.974757307313794, -93.2812710140267 44.97634351867961, -93.28123101334893 44.97639291554528, -93.28111162271739 44.976588453080616, -93.28103067490129 44.97679221910848, -93.28096025305452 44.97705412086125, -93.2809101382516 44.97727962268563, -93.28088065278683 44.977534153683976, -93.28083092760708 44.97783962432589, -93.28079101885803 44.978057830985676, -93.28073052041016 44.97825427468441, -93.28061876712762 44.978443576112724, -93.28047621378127 44.97861841130387, -93.28034361899883 44.97873506019995, -93.28016976307944 44.978901290344204, -93.27997645651548 44.979063122736314, -93.27957820769014 44.97931855675181, -93.27908776341242 44.97957421290493, -93.27774620172231 44.98022639863525, -93.27768994371381 44.98018615265555, -93.2775665536011 44.98009787874251, -93.27743223310772 44.97988964594201, -93.27722800639904 44.97944057503733, -93.27716009167757 44.9793188587461, -93.27708470580939 44.979224328453114, -93.27695185760871 44.97908454958915, -93.27680739710182 44.97896529617662, -93.27667441671016 44.97889534551017, -93.27650671180425 44.97882946843473, -93.2763215728595 44.97880054313366, -93.27602741334694 44.97876031536113, -93.27482437204146 44.97798905164409))"
416,1334,"POLYGON ((-93.27774620172231 44.98022639863525, -93.27908776341242 44.97957421290493, -93.27957820769014 44.97931855675181, -93.27997645651548 44.979063122736314, -93.28016976307944 44.978901290344204, -93.28029768520676 44.978906809723426, -93.2805460625505 44.97890711085264, -93.2805734400953 44.97890648907564, -93.28066180202579 44.9789044787686, -93.28071968444233 44.978903162651434, -93.28089223230279 44.978904203913835, -93.28134878381073 44.97892766265099, -93.28151058911916 44.978935976021184, -93.28284625640474 44.97900919072231, -93.28337243421987 44.979031853174305, -93.28371140310324 44.97904645176663, -93.284031997793 44.9790602578691, -93.28488760649978 44.97911664128372, -93.28552731434972 44.979196059568096, -93.28672040906487 44.97942138175781, -93.28688518603688 44.97942543652821, -93.28701405204527 44.97942860730365, -93.28722190195933 44.97943372358662, -93.28736326517902 44.979437201011066, -93.28736325726078 44.97943917065969, -93.28736325825837 44.979439878211195, -93.28736325611676 44.979440465144314, -93.28736359220493 44.97992823724747, -93.28737801494417 44.980760349151296, -93.28739022359052 44.98127409251681, -93.28740830832557 44.98158081387101, -93.28742621780381 44.98166710655821, -93.28744035013264 44.98232404089292, -93.2876276981933 44.98322668485458, -93.28762054080228 44.98356083377628, -93.28795972782969 44.984346214959686, -93.28815853875915 44.98480654679234, -93.28820222127989 44.9850403630581, -93.28836707731809 44.98566417814259, -93.28855300315757 44.98671209348459, -93.2885713885592 44.986815715261834, -93.28864573698242 44.98766127830728, -93.28864616304946 44.98774617278593, -93.28768524076358 44.98700536246364, -93.28747456789077 44.986842943302726, -93.28693045036782 44.986471204302276, -93.28676665581503 44.98637973101548, -93.28675662458798 44.986374129985364, -93.28641968859125 44.9861744138802, -93.28608404035931 44.98597606364475, -93.28606815109848 44.985965805216374, -93.28605345755686 44.98595774926835, -93.28577320283283 44.9857607716804, -93.28548864006471 44.985619054533444, -93.28381144594387 44.984417454157686, -93.28362843149692 44.984306718512876, -93.28359847537922 44.984288594559054, -93.28348711229599 44.98419616534415, -93.28157557057008 44.982859255813004, -93.28070991708971 44.98228410587809, -93.27966745656333 44.98162103363076, -93.27850083947475 44.98076624828014, -93.27816208730995 44.9805239129802, -93.27780671334367 44.98026968770423, -93.27774620172231 44.98022639863525))"
417,1335,"POLYGON ((-93.28016976307944 44.978901290344204, -93.28034361899883 44.97873506019995, -93.28047621378127 44.97861841130387, -93.28061876712762 44.978443576112724, -93.28073052041016 44.97825427468441, -93.28079101885803 44.978057830985676, -93.28083092760708 44.97783962432589, -93.28088065278683 44.977534153683976, -93.2809101382516 44.97727962268563, -93.28096025305452 44.97705412086125, -93.28103067490129 44.97679221910848, -93.28111162271739 44.976588453080616, -93.28123101334893 44.97639291554528, -93.2812710140267 44.97634351867961, -93.28135574259805 44.976238881786585, -93.28155960175705 44.976034812551916, -93.28174332830602 44.97590349428476, -93.28194754116588 44.975772126945174, -93.28221317363352 44.975633335692294, -93.28261192092411 44.975486944503565, -93.28292905013483 44.975406187635166, -93.2832668393108 44.97536172858159, -93.28368660663324 44.97532433491181, -93.28424980539096 44.97529385458579, -93.28499726033424 44.975241100059904, -93.28578564655314 44.975180968235385, -93.28713203514471 44.97507580768965, -93.28742657807662 44.9750543586553, -93.28742559203889 44.97548507460192, -93.28736631065395 44.977536135841916, -93.28735931170405 44.977778284631114, -93.2873596868464 44.97780870131676, -93.28736778840154 44.978467811749915, -93.28736411000935 44.97918381352713, -93.28736409194656 44.979184260069786, -93.2873641200274 44.97918581913857, -93.28736326517902 44.979437201011066, -93.28722190195933 44.97943372358662, -93.28701405204527 44.97942860730365, -93.28688518603688 44.97942543652821, -93.28672040906487 44.97942138175781, -93.28552731434972 44.979196059568096, -93.28488760649978 44.97911664128372, -93.284031997793 44.9790602578691, -93.28371140310324 44.97904645176663, -93.28337243421987 44.979031853174305, -93.28284625640474 44.97900919072231, -93.28151058911916 44.978935976021184, -93.28134878381073 44.97892766265099, -93.28089223230279 44.978904203913835, -93.28071968444233 44.978903162651434, -93.28066180202579 44.9789044787686, -93.2805734400953 44.97890648907564, -93.2805460625505 44.97890711085264, -93.28029768520676 44.978906809723426, -93.28016976307944 44.978901290344204))"
418,1336,"POLYGON ((-93.28039470845088 44.974757307313794, -93.2817130854768 44.974222385066746, -93.28299950621799 44.97368110473772, -93.28418710538259 44.97319122300934, -93.28555429080649 44.97263657532783, -93.28575021438495 44.9725567005067, -93.28623768780848 44.97236625295368, -93.28642139197201 44.972234927132504, -93.28670744438523 44.972088805934995, -93.2868812337041 44.9720229359856, -93.28709613166026 44.97198604600562, -93.2872599326544 44.97197109233162, -93.28743988239776 44.971956636097424, -93.28743322852988 44.97214481384348, -93.28742657807662 44.9750543586553, -93.28713203514471 44.97507580768965, -93.28578564655314 44.975180968235385, -93.28499726033424 44.975241100059904, -93.28424980539096 44.97529385458579, -93.28368660663324 44.97532433491181, -93.2832668393108 44.97536172858159, -93.28292905013483 44.975406187635166, -93.28261192092411 44.975486944503565, -93.28221317363352 44.975633335692294, -93.28194754116588 44.975772126945174, -93.28174332830602 44.97590349428476, -93.28155960175705 44.976034812551916, -93.28135574259805 44.976238881786585, -93.2812710140267 44.97634351867961, -93.28039470845088 44.974757307313794))"
419,1337,"POLYGON ((-93.27785006115342 44.97265256492072, -93.27924032119711 44.97102460092366, -93.27934504532824 44.97073206335985, -93.27932520281716 44.969862850692074, -93.27932229912112 44.969320508607346, -93.27931939280253 44.968778132269826, -93.27931939267148 44.96877810526421, -93.27931659570275 44.96824256650938, -93.27931380099704 44.967706955682814, -93.27931380076986 44.967706908873076, -93.28084243002786 44.96772101817709, -93.28189076482973 44.96774949763161, -93.28509376984968 44.96814315563264, -93.2860729887793 44.968491611249455, -93.2863571562444 44.96871388884544, -93.28651202060664 44.9688328990475, -93.28671871117004 44.96890469860195, -93.28694602800518 44.968934538160084, -93.2875249928575 44.96890697088664, -93.28768731991644 44.96890842550362, -93.28769191573586 44.96890846793834, -93.28778797351119 44.968904196636785, -93.2877044677505 44.96933976238181, -93.28746161451198 44.97134191776975, -93.28743988239776 44.971956636097424, -93.2872599326544 44.97197109233162, -93.28709613166026 44.97198604600562, -93.2868812337041 44.9720229359856, -93.28670744438523 44.972088805934995, -93.28642139197201 44.972234927132504, -93.28623768780848 44.97236625295368, -93.28575021438495 44.9725567005067, -93.28555429080649 44.97263657532783, -93.28418710538259 44.97319122300934, -93.28299950621799 44.97368110473772, -93.2817130854768 44.974222385066746, -93.28039470845088 44.974757307313794, -93.27956313371988 44.97384114526256, -93.2788633420231 44.972944128361846, -93.27785006115342 44.97265256492072))"
420,1338,"POLYGON ((-93.27931380076986 44.967706908873076, -93.2793138005427 44.967706862063345, -93.27931084266969 44.9670978962603, -93.27930761200116 44.9664332196061, -93.27930794147599 44.966374642916534, -93.27931089186873 44.96585066102571, -93.279818644167 44.965716109557285, -93.28020478709942 44.96562055558128, -93.28048497827359 44.9655512186749, -93.28118957613312 44.96536422705227, -93.2828280304696 44.964775461051055, -93.28335695363586 44.96460693452638, -93.28385728529136 44.96446463997841, -93.2842801114134 44.96437159699665, -93.28462540314428 44.96432167436527, -93.28507441538925 44.964283757936506, -93.2854371659317 44.96427058757641, -93.2858518682812 44.964281814646625, -93.2862926968725 44.96433590517823, -93.28672498293106 44.964408413708135, -93.28716599687118 44.964499296907945, -93.28772847447003 44.9646941298163, -93.28810090816947 44.964889437720814, -93.2881650759043 44.964924610410684, -93.28825682779171 44.96497490338941, -93.28839569022388 44.96510333877021, -93.28844801287835 44.96520133183506, -93.28846353335494 44.96530706952074, -93.28846436581081 44.96547317198199, -93.28832844659325 44.966319269308386, -93.28812883502904 44.96717071759567, -93.28791488329408 44.96824220808323, -93.28778797351119 44.968904196636785, -93.28769191573586 44.96890846793834, -93.28768731991644 44.96890842550362, -93.2875249928575 44.96890697088664, -93.28694602800518 44.968934538160084, -93.28671871117004 44.96890469860195, -93.28651202060664 44.9688328990475, -93.2863571562444 44.96871388884544, -93.2860729887793 44.968491611249455, -93.28509376984968 44.96814315563264, -93.28189076482973 44.96774949763161, -93.28084243002786 44.96772101817709, -93.27931380076986 44.967706908873076))"
421,1339,"POLYGON ((-93.27501980840499 44.971461928359396, -93.2750367250249 44.97144269181586, -93.27645305303524 44.96984283879454, -93.27649291055448 44.96656407279444, -93.27703312796737 44.966435913144466, -93.27718177602999 44.96640162940431, -93.27718354170051 44.966401216429055, -93.27726867560665 44.96638219743435, -93.27774958953518 44.966268505904935, -93.27781564005933 44.96625128649731, -93.27812984111398 44.96616937068905, -93.27814656044653 44.96616494780641, -93.27840678421816 44.966088614282896, -93.27878703346738 44.965989476881404, -93.27931089186873 44.96585066102571, -93.27930794147599 44.966374642916534, -93.27930761200116 44.9664332196061, -93.27931084266969 44.9670978962603, -93.2793138005427 44.967706862063345, -93.27931380076986 44.967706908873076, -93.27931380099704 44.967706955682814, -93.27931659570275 44.96824256650938, -93.27931939267148 44.96877810526421, -93.27931939280253 44.968778132269826, -93.27932229912112 44.969320508607346, -93.27932520281716 44.969862850692074, -93.27934504532824 44.97073206335985, -93.27924032119711 44.97102460092366, -93.27785006115342 44.97265256492072, -93.27636769921375 44.97203952674559, -93.27501980840499 44.971461928359396))"
423,1340,"POLYGON ((-93.27217053206546 44.97029872276538, -93.27208427428829 44.97015939770287, -93.27196131189933 44.970051666893546, -93.27186031638105 44.969979891558424, -93.27166910632732 44.969854318921634, -93.2715933674849 44.96975997832852, -93.27153649928776 44.96963408590598, -93.27153512675322 44.96942704374281, -93.27151683346823 44.96890947363627, -93.271540297834 44.96791920039753, -93.27163184237824 44.96775244611203, -93.27184666084818 44.9675088815676, -93.27208342174391 44.967296771260294, -93.27228281186758 44.967143262420585, -93.27250336923017 44.96690229170596, -93.27256333994082 44.96683676902032, -93.27265136958788 44.96671600258571, -93.27266987945048 44.966684163402505, -93.2726918029783 44.96664645397612, -93.27270019251644 44.96663202177448, -93.2727077132729 44.966602300884034, -93.2737426282563 44.966715093501804, -93.27412924123445 44.96674665430674, -93.27451063204772 44.96674934800508, -93.27483098749791 44.96674857753152, -93.27523259689586 44.966725951605405, -93.27562907180517 44.96669250727749, -93.27605594884652 44.96663732752603, -93.27649291055448 44.96656407279444, -93.27645305303524 44.96984283879454, -93.2750367250249 44.97144269181586, -93.27501980840499 44.971461928359396, -93.27492631339813 44.97142186244124, -93.27354281852347 44.97086706944713, -93.27217053206546 44.97029872276538))"
424,1341,"POLYGON ((-93.26926550041911 44.97008461592491, -93.26937897570804 44.96969189824418, -93.26970721398287 44.96831846265599, -93.26973019039912 44.967931247752595, -93.2698081093594 44.96600374536929, -93.27157243480517 44.96641343320419, -93.27228132222322 44.96655765661207, -93.2727077132729 44.966602300884034, -93.27270019251644 44.96663202177448, -93.2726918029783 44.96664645397612, -93.27266987945048 44.966684163402505, -93.27265136958788 44.96671600258571, -93.27256333994082 44.96683676902032, -93.27250336923017 44.96690229170596, -93.27228281186758 44.967143262420585, -93.27208342174391 44.967296771260294, -93.27184666084818 44.9675088815676, -93.27163184237824 44.96775244611203, -93.271540297834 44.96791920039753, -93.27151683346823 44.96890947363627, -93.27153512675322 44.96942704374281, -93.27153649928776 44.96963408590598, -93.2715933674849 44.96975997832852, -93.27166910632732 44.969854318921634, -93.27186031638105 44.969979891558424, -93.27196131189933 44.970051666893546, -93.27208427428829 44.97015939770287, -93.27217053206546 44.97029872276538, -93.27137728444981 44.97125031681177, -93.27012454067325 44.970743112530954, -93.26979198663624 44.970551920736845, -93.2696427405505 44.97043040269058, -93.26943404314144 44.97024024063737, -93.26935500059751 44.97016116470627, -93.26926550041911 44.97008461592491))"
